Bug_id,Bug_file,Start_time,End_time,OoB,SG,FG,IG,DB,TG,WD,Start_frame_number,End_frame_number
1,Data01/frame_label1.csv,https://youtu.be/JoX7RDKRG7Q?t=77,https://youtu.be/JoX7RDKRG7Q?t=83,1,1,0,0,0,0,0,2220,2399
2,Data01/frame_label1.csv,https://youtu.be/JoX7RDKRG7Q?t=727,https://youtu.be/JoX7RDKRG7Q?t=729,1,0,0,0,0,0,0,21720,21779
3,Data01/frame_label1.csv,https://youtu.be/JoX7RDKRG7Q?t=1819,https://youtu.be/JoX7RDKRG7Q?t=1824,1,1,0,0,0,0,0,54480,54629
4,Data01/frame_label1.csv,https://youtu.be/JoX7RDKRG7Q?t=1837,https://youtu.be/JoX7RDKRG7Q?t=1840,1,0,0,0,0,0,0,55020,55109
5,Data01/frame_label1.csv,https://youtu.be/JoX7RDKRG7Q?t=1900,https://youtu.be/JoX7RDKRG7Q?t=1903,1,0,0,0,0,0,0,56910,56999
6,Data01/frame_label1.csv,https://youtu.be/JoX7RDKRG7Q?t=1908,https://youtu.be/JoX7RDKRG7Q?t=1914,1,1,0,0,0,0,0,57150,57329
7,Data01/frame_label1.csv,https://youtu.be/JoX7RDKRG7Q?t=2634,https://youtu.be/JoX7RDKRG7Q?t=2635,0,0,0,0,1,0,0,78930,78959
8,Data02/frame_label1.csv,https://youtu.be/ti9LhJLCilo?t=3022,https://youtu.be/ti9LhJLCilo?t=3035,0,0,0,0,0,0,1,1500,1889
9,Data02/frame_label1.csv,https://youtu.be/ti9LhJLCilo?t=3044,https://youtu.be/ti9LhJLCilo?t=3048,0,0,0,0,0,0,1,2160,2279
10,Data02/frame_label1.csv,https://youtu.be/ti9LhJLCilo?t=3120,https://youtu.be/ti9LhJLCilo?t=3133,0,1,1,0,0,0,0,4440,4829
11,Data02/frame_label1.csv,https://youtu.be/ti9LhJLCilo?t=3134,https://youtu.be/ti9LhJLCilo?t=3138,1,0,0,0,0,0,0,4860,4979
12,Data02/frame_label1.csv,https://youtu.be/ti9LhJLCilo?t=3290,https://youtu.be/ti9LhJLCilo?t=3303,0,1,1,0,0,0,0,9540,9929
13,Data02/frame_label1.csv,https://youtu.be/ti9LhJLCilo?t=3426,https://youtu.be/ti9LhJLCilo?t=3448,0,1,1,0,0,0,0,13620,14279
14,Data02/frame_label1.csv,https://youtu.be/ti9LhJLCilo?t=3467,https://youtu.be/ti9LhJLCilo?t=3470,1,0,0,0,0,0,0,14850,14939
15,Data02/frame_label1.csv,https://youtu.be/ti9LhJLCilo?t=3470,https://youtu.be/ti9LhJLCilo?t=3471,1,0,0,0,0,0,0,14940,14969
16,Data02/frame_label1.csv,https://youtu.be/ti9LhJLCilo?t=3584,https://youtu.be/ti9LhJLCilo?t=3597,0,1,1,0,0,0,0,18360,18749
17,Data02/frame_label1.csv,https://youtu.be/ti9LhJLCilo?t=3599,https://youtu.be/ti9LhJLCilo?t=3601,0,0,0,0,0,0,1,18810,18869
18,Data02/frame_label1.csv,https://youtu.be/ti9LhJLCilo?t=3733,https://youtu.be/ti9LhJLCilo?t=3752,0,1,1,0,0,0,0,22830,23399
19,Data02/frame_label1.csv,https://youtu.be/ti9LhJLCilo?t=3805,https://youtu.be/ti9LhJLCilo?t=3847,0,1,1,0,0,0,0,24990,26249
20,Data02/frame_label1.csv,https://youtu.be/ti9LhJLCilo?t=3903,https://youtu.be/ti9LhJLCilo?t=3951,0,1,1,0,0,0,0,27930,29369
21,Data02/frame_label1.csv,https://youtu.be/ti9LhJLCilo?t=4500,https://youtu.be/ti9LhJLCilo?t=4511,0,1,1,0,0,0,0,45840,46169
22,Data02/frame_label1.csv,https://youtu.be/ti9LhJLCilo?t=4678,https://youtu.be/ti9LhJLCilo?t=4772,0,1,1,0,0,0,0,51180,53999
23,Data02/frame_label1.csv,https://youtu.be/ti9LhJLCilo?t=5279,https://youtu.be/ti9LhJLCilo?t=5312,0,1,1,0,0,0,0,69210,70199
24,Data02/frame_label1.csv,https://youtu.be/ti9LhJLCilo?t=5506,https://youtu.be/ti9LhJLCilo?t=5522,0,1,1,0,0,0,0,76020,76499
25,Data02/frame_label1.csv,https://youtu.be/ti9LhJLCilo?t=5923,https://youtu.be/ti9LhJLCilo?t=6001,0,1,1,0,0,0,0,88530,90869
26,Data05/frame_label1.csv,https://youtu.be/J91C4ZkthDM?t=132,https://youtu.be/J91C4ZkthDM?t=148,0,0,0,0,0,0,1,1530,2009
27,Data05/frame_label1.csv,https://youtu.be/J91C4ZkthDM?t=262,https://youtu.be/J91C4ZkthDM?t=264,1,0,0,0,0,0,0,5430,5489
28,Data05/frame_label1.csv,https://youtu.be/J91C4ZkthDM?t=282,https://youtu.be/J91C4ZkthDM?t=298,0,1,1,0,0,0,0,6030,6509
29,Data05/frame_label1.csv,https://youtu.be/J91C4ZkthDM?t=446,https://youtu.be/J91C4ZkthDM?t=458,0,1,1,0,0,0,0,10950,11309
30,Data05/frame_label1.csv,https://youtu.be/J91C4ZkthDM?t=550,https://youtu.be/J91C4ZkthDM?t=552,0,1,0,0,0,0,0,14070,14129
31,Data05/frame_label1.csv,https://youtu.be/J91C4ZkthDM?t=684,https://youtu.be/J91C4ZkthDM?t=706,0,1,1,0,0,0,0,18090,18749
32,Data05/frame_label1.csv,https://youtu.be/J91C4ZkthDM?t=855,https://youtu.be/J91C4ZkthDM?t=869,0,1,1,0,0,0,0,23220,23639
33,Data05/frame_label1.csv,https://youtu.be/J91C4ZkthDM?t=1000,https://youtu.be/J91C4ZkthDM?t=1016,0,1,1,0,0,0,0,27570,28049
34,Data05/frame_label1.csv,https://youtu.be/J91C4ZkthDM?t=1065,https://youtu.be/J91C4ZkthDM?t=1088,0,1,1,0,0,0,0,29520,30209
35,Data05/frame_label1.csv,https://youtu.be/J91C4ZkthDM?t=1403,https://youtu.be/J91C4ZkthDM?t=1410,0,1,1,0,0,0,0,39660,39869
36,Data05/frame_label1.csv,https://youtu.be/J91C4ZkthDM?t=1476,https://youtu.be/J91C4ZkthDM?t=1496,0,1,1,0,0,0,0,41850,42449
37,Data05/frame_label1.csv,https://youtu.be/J91C4ZkthDM?t=1665,https://youtu.be/J91C4ZkthDM?t=1738,0,0,0,1,0,0,0,47520,49709
38,Data05/frame_label1.csv,https://youtu.be/J91C4ZkthDM?t=1867,https://youtu.be/J91C4ZkthDM?t=1870,1,0,0,0,0,0,0,53580,53669
39,Data05/frame_label1.csv,https://youtu.be/J91C4ZkthDM?t=2167,https://youtu.be/J91C4ZkthDM?t=2202,0,1,1,0,0,0,0,62580,63629
40,Data05/frame_label1.csv,https://youtu.be/J91C4ZkthDM?t=2474,https://youtu.be/J91C4ZkthDM?t=2477,0,1,0,0,0,0,0,71790,71879
41,Data05/frame_label1.csv,https://youtu.be/J91C4ZkthDM?t=2484,https://youtu.be/J91C4ZkthDM?t=2488,1,0,0,0,0,0,0,72090,72209
42,Data05/frame_label1.csv,https://youtu.be/J91C4ZkthDM?t=2533,https://youtu.be/J91C4ZkthDM?t=2556,0,1,1,0,0,0,0,73560,74249
43,Data07/frame_label1.csv,https://youtu.be/J91C4ZkthDM?t=7318,https://youtu.be/J91C4ZkthDM?t=7320,0,1,0,0,0,0,0,217110,217169
44,Data07/frame_label1.csv,https://youtu.be/J91C4ZkthDM?t=7376,https://youtu.be/J91C4ZkthDM?t=7380,0,1,0,0,0,0,0,218850,218969
45,Data07/frame_label1.csv,https://youtu.be/J91C4ZkthDM?t=7389,https://youtu.be/J91C4ZkthDM?t=7393,0,1,0,0,0,0,0,219240,219359
46,Data07/frame_label1.csv,https://youtu.be/J91C4ZkthDM?t=7397,https://youtu.be/J91C4ZkthDM?t=7401,0,1,0,0,0,0,0,219480,219599
47,Data07/frame_label1.csv,https://youtu.be/J91C4ZkthDM?t=7405,https://youtu.be/J91C4ZkthDM?t=7419,0,1,0,0,0,0,0,219720,220139
48,Data07/frame_label1.csv,https://youtu.be/J91C4ZkthDM?t=7456,https://youtu.be/J91C4ZkthDM?t=7459,1,0,0,0,0,0,0,221250,221339
49,Data07/frame_label1.csv,https://youtu.be/J91C4ZkthDM?t=7502,https://youtu.be/J91C4ZkthDM?t=7507,0,1,0,0,0,0,0,222630,222779
50,Data07/frame_label1.csv,https://youtu.be/J91C4ZkthDM?t=7510,https://youtu.be/J91C4ZkthDM?t=7516,0,1,0,0,0,0,0,222870,223049
51,Data07/frame_label1.csv,https://youtu.be/J91C4ZkthDM?t=7520,https://youtu.be/J91C4ZkthDM?t=7525,0,1,0,0,0,0,0,223170,223319
52,Data07/frame_label1.csv,https://youtu.be/J91C4ZkthDM?t=7529,https://youtu.be/J91C4ZkthDM?t=7536,0,1,0,0,0,0,0,223440,223649
53,Data07/frame_label1.csv,https://youtu.be/J91C4ZkthDM?t=7567,https://youtu.be/J91C4ZkthDM?t=7570,0,1,0,0,0,0,0,224580,224669
54,Data07/frame_label1.csv,https://youtu.be/J91C4ZkthDM?t=7611,https://youtu.be/J91C4ZkthDM?t=7639,0,1,1,0,0,0,0,225900,226739
55,Data07/frame_label1.csv,https://youtu.be/J91C4ZkthDM?t=7678,https://youtu.be/J91C4ZkthDM?t=7680,1,0,0,0,0,0,0,227910,227969
56,Data07/frame_label1.csv,https://youtu.be/J91C4ZkthDM?t=7717,https://youtu.be/J91C4ZkthDM?t=7724,0,1,0,0,0,0,0,229080,229289
57,Data07/frame_label1.csv,https://youtu.be/J91C4ZkthDM?t=7747,https://youtu.be/J91C4ZkthDM?t=7758,1,1,0,0,0,0,0,229980,230309
58,Data07/frame_label1.csv,https://youtu.be/J91C4ZkthDM?t=7864,https://youtu.be/J91C4ZkthDM?t=7883,0,1,0,0,0,0,0,233490,234059
59,Data07/frame_label1.csv,https://youtu.be/J91C4ZkthDM?t=7915,https://youtu.be/J91C4ZkthDM?t=7918,0,1,0,0,0,0,0,235020,235109
60,Data07/frame_label1.csv,https://youtu.be/J91C4ZkthDM?t=7958,https://youtu.be/J91C4ZkthDM?t=7963,0,1,0,0,0,0,0,236310,236459
61,Data07/frame_label1.csv,https://youtu.be/J91C4ZkthDM?t=7969,https://youtu.be/J91C4ZkthDM?t=7993,0,1,1,0,0,0,0,236640,237359
62,Data07/frame_label1.csv,https://youtu.be/J91C4ZkthDM?t=8062,https://youtu.be/J91C4ZkthDM?t=8074,0,1,1,0,0,0,0,239430,239789
63,Data07/frame_label1.csv,https://youtu.be/J91C4ZkthDM?t=8081,https://youtu.be/J91C4ZkthDM?t=8089,0,1,0,0,0,0,0,240000,240239
64,Data07/frame_label1.csv,https://youtu.be/J91C4ZkthDM?t=8096,https://youtu.be/J91C4ZkthDM?t=8102,0,1,0,0,0,0,0,240450,240629
65,Data07/frame_label1.csv,https://youtu.be/J91C4ZkthDM?t=8178,https://youtu.be/J91C4ZkthDM?t=8183,0,1,0,0,0,0,0,242910,243059
66,Data07/frame_label1.csv,https://youtu.be/J91C4ZkthDM?t=8187,https://youtu.be/J91C4ZkthDM?t=8208,0,1,1,0,0,0,0,243180,243809
67,Data07/frame_label1.csv,https://youtu.be/J91C4ZkthDM?t=8220,https://youtu.be/J91C4ZkthDM?t=8224,0,1,0,0,0,0,0,244170,244289
68,Data07/frame_label1.csv,https://youtu.be/J91C4ZkthDM?t=8360,https://youtu.be/J91C4ZkthDM?t=8383,0,1,0,0,0,0,0,248370,249059
69,Data07/frame_label1.csv,https://youtu.be/J91C4ZkthDM?t=8419,https://youtu.be/J91C4ZkthDM?t=8423,0,1,0,0,0,0,0,250140,250259
70,Data07/frame_label1.csv,https://youtu.be/J91C4ZkthDM?t=8463,https://youtu.be/J91C4ZkthDM?t=8476,0,1,0,0,0,0,0,251460,251849
71,Data07/frame_label1.csv,https://youtu.be/J91C4ZkthDM?t=8485,https://youtu.be/J91C4ZkthDM?t=8491,0,1,0,0,0,0,0,252120,252299
72,Data07/frame_label1.csv,https://youtu.be/J91C4ZkthDM?t=8540,https://youtu.be/J91C4ZkthDM?t=8544,0,1,0,0,0,0,0,253770,253889
73,Data07/frame_label1.csv,https://youtu.be/J91C4ZkthDM?t=8579,https://youtu.be/J91C4ZkthDM?t=8593,0,1,0,0,0,0,0,254940,255359
74,Data07/frame_label1.csv,https://youtu.be/J91C4ZkthDM?t=8596,https://youtu.be/J91C4ZkthDM?t=8621,0,1,1,0,0,0,0,255450,256199
75,Data07/frame_label1.csv,https://youtu.be/J91C4ZkthDM?t=8639,https://youtu.be/J91C4ZkthDM?t=8644,0,1,0,0,0,0,0,256740,256889
76,Data07/frame_label1.csv,https://youtu.be/J91C4ZkthDM?t=8689,https://youtu.be/J91C4ZkthDM?t=8725,0,1,0,0,0,0,0,258240,259319
77,Data07/frame_label1.csv,https://youtu.be/J91C4ZkthDM?t=8789,https://youtu.be/J91C4ZkthDM?t=8826,0,1,0,0,0,0,0,261240,262349
78,Data07/frame_label1.csv,https://youtu.be/J91C4ZkthDM?t=8976,https://youtu.be/J91C4ZkthDM?t=9016,0,1,1,0,0,0,0,266850,268049
79,Data07/frame_label1.csv,https://youtu.be/J91C4ZkthDM?t=9039,https://youtu.be/J91C4ZkthDM?t=9043,0,1,0,0,0,0,0,268740,268859
80,Data07/frame_label1.csv,https://youtu.be/J91C4ZkthDM?t=9193,https://youtu.be/J91C4ZkthDM?t=9196,1,0,0,0,0,0,0,273360,273449
81,Data07/frame_label1.csv,https://youtu.be/J91C4ZkthDM?t=9302,https://youtu.be/J91C4ZkthDM?t=9304,0,1,0,0,0,0,0,276630,276689
82,Data07/frame_label1.csv,https://youtu.be/J91C4ZkthDM?t=9342,https://youtu.be/J91C4ZkthDM?t=9367,0,1,0,0,0,0,0,277830,278579
83,Data07/frame_label1.csv,https://youtu.be/J91C4ZkthDM?t=9387,https://youtu.be/J91C4ZkthDM?t=9390,0,1,0,0,0,0,0,279180,279269
84,Data07/frame_label1.csv,https://youtu.be/J91C4ZkthDM?t=9439,https://youtu.be/J91C4ZkthDM?t=9466,0,1,1,0,0,0,0,280740,281549
85,Data07/frame_label1.csv,https://youtu.be/J91C4ZkthDM?t=9500,https://youtu.be/J91C4ZkthDM?t=9504,1,0,0,0,0,0,0,282570,282689
86,Data07/frame_label1.csv,https://youtu.be/J91C4ZkthDM?t=9574,https://youtu.be/J91C4ZkthDM?t=9600,0,1,1,0,0,0,0,284790,285569
87,Data07/frame_label1.csv,https://youtu.be/J91C4ZkthDM?t=9671,https://youtu.be/J91C4ZkthDM?t=9689,0,1,1,0,0,0,0,287700,288239
88,Data07/frame_label1.csv,https://youtu.be/J91C4ZkthDM?t=9704,https://youtu.be/J91C4ZkthDM?t=9714,0,1,0,0,0,0,0,288690,288989
89,Data07/frame_label1.csv,https://youtu.be/J91C4ZkthDM?t=9734,https://youtu.be/J91C4ZkthDM?t=9736,0,1,0,0,0,0,0,289590,289649
90,Data07/frame_label1.csv,https://youtu.be/J91C4ZkthDM?t=9809,https://youtu.be/J91C4ZkthDM?t=9852,0,1,1,0,0,0,0,291840,293129
91,Data07/frame_label1.csv,https://youtu.be/J91C4ZkthDM?t=9866,https://youtu.be/J91C4ZkthDM?t=9871,0,1,0,0,0,0,0,293550,293699
92,Data07/frame_label1.csv,https://youtu.be/J91C4ZkthDM?t=9925,https://youtu.be/J91C4ZkthDM?t=9954,0,1,1,0,0,0,0,295320,296189
93,Data07/frame_label1.csv,https://youtu.be/J91C4ZkthDM?t=10032,https://youtu.be/J91C4ZkthDM?t=10047,0,1,0,0,0,0,0,298530,298979
94,Data08/frame_label1.csv,https://youtu.be/J91C4ZkthDM?t=10921,https://youtu.be/J91C4ZkthDM?t=10950,0,1,1,0,0,0,0,325200,326069
95,Data08/frame_label1.csv,https://youtu.be/J91C4ZkthDM?t=11109,https://youtu.be/J91C4ZkthDM?t=11112,1,0,0,0,0,0,0,330840,330929
96,Data08/frame_label1.csv,https://youtu.be/J91C4ZkthDM?t=11524,https://youtu.be/J91C4ZkthDM?t=11539,0,1,1,0,0,0,0,343290,343739
97,Data08/frame_label1.csv,https://youtu.be/J91C4ZkthDM?t=11980,https://youtu.be/J91C4ZkthDM?t=12049,0,1,1,0,0,0,0,356970,359039
98,Data08/frame_label1.csv,https://youtu.be/J91C4ZkthDM?t=12102,https://youtu.be/J91C4ZkthDM?t=12104,1,0,0,0,0,0,0,360630,360689
99,Data08/frame_label1.csv,https://youtu.be/J91C4ZkthDM?t=12284,https://youtu.be/J91C4ZkthDM?t=12286,1,0,0,0,0,0,0,366090,366149
100,Data08/frame_label1.csv,https://youtu.be/J91C4ZkthDM?t=12467,https://youtu.be/J91C4ZkthDM?t=12499,0,1,1,0,0,0,0,371580,372539
101,Data08/frame_label1.csv,https://youtu.be/J91C4ZkthDM?t=12741,https://youtu.be/J91C4ZkthDM?t=12743,1,0,0,0,0,0,0,379800,379859
102,Data08/frame_label1.csv,https://youtu.be/J91C4ZkthDM?t=13111,https://youtu.be/J91C4ZkthDM?t=13131,0,1,1,0,0,0,0,390900,391499
103,Data08/frame_label1.csv,https://youtu.be/J91C4ZkthDM?t=13274,https://youtu.be/J91C4ZkthDM?t=13292,0,1,1,0,0,0,0,395790,396329
104,Data08/frame_label1.csv,https://youtu.be/J91C4ZkthDM?t=13304,https://youtu.be/J91C4ZkthDM?t=13316,0,1,1,0,0,0,0,396690,397049
105,Data08/frame_label1.csv,https://youtu.be/J91C4ZkthDM?t=13424,https://youtu.be/J91C4ZkthDM?t=13449,0,1,1,0,0,0,0,400290,401039
106,Data08/frame_label1.csv,https://youtu.be/J91C4ZkthDM?t=13561,https://youtu.be/J91C4ZkthDM?t=13576,0,1,1,0,0,0,0,404400,404849
107,Data08/frame_label1.csv,https://youtu.be/J91C4ZkthDM?t=13651,https://youtu.be/J91C4ZkthDM?t=13658,0,1,1,0,0,0,0,407100,407309
108,Data08/frame_label1.csv,https://youtu.be/J91C4ZkthDM?t=13720,https://youtu.be/J91C4ZkthDM?t=13722,1,0,0,0,0,0,0,409170,409229
109,Data08/frame_label1.csv,https://youtu.be/J91C4ZkthDM?t=13855,https://youtu.be/J91C4ZkthDM?t=13868,0,1,1,0,0,0,0,413220,413609
110,Data08/frame_label1.csv,https://youtu.be/J91C4ZkthDM?t=13954,https://youtu.be/J91C4ZkthDM?t=13970,0,1,0,0,0,0,0,416190,416669
111,Data08/frame_label1.csv,https://youtu.be/J91C4ZkthDM?t=14214,https://youtu.be/J91C4ZkthDM?t=14216,1,0,0,0,0,0,0,423990,424049
112,Data08/frame_label1.csv,https://youtu.be/J91C4ZkthDM?t=14324,https://youtu.be/J91C4ZkthDM?t=14326,1,0,0,0,0,0,0,427290,427349
113,Data09/frame_label1.csv,https://youtu.be/2QvoRZejf9s?t=353,https://youtu.be/2QvoRZejf9s?t=366,0,1,1,0,0,0,0,7200,7589
114,Data09/frame_label1.csv,https://youtu.be/2QvoRZejf9s?t=366,https://youtu.be/2QvoRZejf9s?t=371,1,0,0,0,0,0,0,7590,7739
115,Data09/frame_label1.csv,https://youtu.be/2QvoRZejf9s?t=1203,https://youtu.be/2QvoRZejf9s?t=1211,0,1,0,0,0,0,0,32700,32939
116,Data09/frame_label1.csv,https://youtu.be/2QvoRZejf9s?t=1226,https://youtu.be/2QvoRZejf9s?t=1229,0,1,0,0,0,0,0,33390,33479
117,Data09/frame_label1.csv,https://youtu.be/2QvoRZejf9s?t=1246,https://youtu.be/2QvoRZejf9s?t=1253,0,1,0,0,0,0,0,33990,34199
118,Data09/frame_label1.csv,https://youtu.be/2QvoRZejf9s?t=1307,https://youtu.be/2QvoRZejf9s?t=1311,0,1,0,0,0,0,0,35820,35939
119,Data09/frame_label1.csv,https://youtu.be/2QvoRZejf9s?t=1332,https://youtu.be/2QvoRZejf9s?t=1335,0,1,0,0,0,0,0,36570,36659
120,Data09/frame_label1.csv,https://youtu.be/2QvoRZejf9s?t=1434,https://youtu.be/2QvoRZejf9s?t=1437,1,0,0,0,0,0,0,39630,39719
121,Data09/frame_label1.csv,https://youtu.be/2QvoRZejf9s?t=1751,https://youtu.be/2QvoRZejf9s?t=1761,0,1,0,0,0,0,0,49140,49439
122,Data09/frame_label1.csv,https://youtu.be/2QvoRZejf9s?t=1795,https://youtu.be/2QvoRZejf9s?t=1817,0,1,1,0,0,0,0,50460,51119
123,Data09/frame_label1.csv,https://youtu.be/2QvoRZejf9s?t=1938,https://youtu.be/2QvoRZejf9s?t=1961,0,1,1,0,0,0,0,54750,55439
124,Data09/frame_label1.csv,https://youtu.be/2QvoRZejf9s?t=2035,https://youtu.be/2QvoRZejf9s?t=2041,0,1,0,0,0,0,0,57660,57839
125,Data09/frame_label1.csv,https://youtu.be/2QvoRZejf9s?t=2044,https://youtu.be/2QvoRZejf9s?t=2057,0,1,0,0,0,0,0,57930,58319
126,Data09/frame_label1.csv,https://youtu.be/2QvoRZejf9s?t=2175,https://youtu.be/2QvoRZejf9s?t=2188,0,1,0,0,0,0,0,61860,62249
127,Data09/frame_label1.csv,https://youtu.be/2QvoRZejf9s?t=2527,https://youtu.be/2QvoRZejf9s?t=2555,0,0,0,1,0,0,0,72420,73259
128,Data09/frame_label1.csv,https://youtu.be/2QvoRZejf9s?t=3110,https://youtu.be/2QvoRZejf9s?t=3146,0,1,1,0,0,0,0,89910,90989
129,Data10/frame_label1.csv,https://youtu.be/2QvoRZejf9s?t=5579,https://youtu.be/2QvoRZejf9s?t=5610,0,1,1,0,0,0,0,163980,164909
130,Data10/frame_label1.csv,https://youtu.be/2QvoRZejf9s?t=5677,https://youtu.be/2QvoRZejf9s?t=5698,0,1,1,0,0,0,0,166920,167549
131,Data10/frame_label1.csv,https://youtu.be/2QvoRZejf9s?t=5999,https://youtu.be/2QvoRZejf9s?t=6012,0,1,1,0,0,0,0,176580,176969
132,Data11/frame_label1.csv,https://youtu.be/2QvoRZejf9s?t=7397,https://youtu.be/2QvoRZejf9s?t=7407,0,1,0,0,0,0,0,218520,218819
133,Data11/frame_label1.csv,https://youtu.be/2QvoRZejf9s?t=7417,https://youtu.be/2QvoRZejf9s?t=7424,0,1,0,0,0,0,0,219120,219329
134,Data11/frame_label1.csv,https://youtu.be/2QvoRZejf9s?t=7479,https://youtu.be/2QvoRZejf9s?t=7485,0,1,0,0,0,0,0,220980,221159
135,Data11/frame_label1.csv,https://youtu.be/2QvoRZejf9s?t=7492,https://youtu.be/2QvoRZejf9s?t=7504,0,1,0,0,0,0,0,221370,221729
136,Data11/frame_label1.csv,https://youtu.be/2QvoRZejf9s?t=7541,https://youtu.be/2QvoRZejf9s?t=7546,0,1,0,0,0,0,0,222840,222989
137,Data11/frame_label1.csv,https://youtu.be/2QvoRZejf9s?t=7557,https://youtu.be/2QvoRZejf9s?t=7566,0,1,0,0,0,0,0,223320,223589
138,Data11/frame_label1.csv,https://youtu.be/2QvoRZejf9s?t=7576,https://youtu.be/2QvoRZejf9s?t=7579,0,1,0,0,0,0,0,223890,223979
139,Data11/frame_label1.csv,https://youtu.be/2QvoRZejf9s?t=7594,https://youtu.be/2QvoRZejf9s?t=7600,0,1,0,0,0,0,0,224430,224609
140,Data11/frame_label1.csv,https://youtu.be/2QvoRZejf9s?t=7615,https://youtu.be/2QvoRZejf9s?t=7619,0,1,0,0,0,0,0,225060,225179
141,Data11/frame_label1.csv,https://youtu.be/2QvoRZejf9s?t=7635,https://youtu.be/2QvoRZejf9s?t=7640,0,1,0,0,0,0,0,225660,225809
142,Data11/frame_label1.csv,https://youtu.be/2QvoRZejf9s?t=7656,https://youtu.be/2QvoRZejf9s?t=7663,0,1,0,0,0,0,0,226290,226499
143,Data11/frame_label1.csv,https://youtu.be/2QvoRZejf9s?t=7706,https://youtu.be/2QvoRZejf9s?t=7732,0,1,0,0,0,0,0,227790,228569
144,Data11/frame_label1.csv,https://youtu.be/2QvoRZejf9s?t=7748,https://youtu.be/2QvoRZejf9s?t=7753,0,1,0,0,0,0,0,229050,229199
145,Data11/frame_label1.csv,https://youtu.be/2QvoRZejf9s?t=7757,https://youtu.be/2QvoRZejf9s?t=7763,0,1,0,0,0,0,0,229320,229499
146,Data11/frame_label1.csv,https://youtu.be/2QvoRZejf9s?t=7775,https://youtu.be/2QvoRZejf9s?t=7787,0,1,0,0,0,0,0,229860,230219
147,Data11/frame_label1.csv,https://youtu.be/2QvoRZejf9s?t=7808,https://youtu.be/2QvoRZejf9s?t=7820,0,1,0,0,0,0,0,230850,231209
148,Data11/frame_label1.csv,https://youtu.be/2QvoRZejf9s?t=7839,https://youtu.be/2QvoRZejf9s?t=7845,0,1,0,0,0,0,0,231780,231959
149,Data11/frame_label1.csv,https://youtu.be/2QvoRZejf9s?t=7959,https://youtu.be/2QvoRZejf9s?t=7975,0,1,0,0,0,0,0,235380,235859
150,Data11/frame_label1.csv,https://youtu.be/2QvoRZejf9s?t=7987,https://youtu.be/2QvoRZejf9s?t=7994,0,1,0,0,0,0,0,236220,236429
151,Data11/frame_label1.csv,https://youtu.be/2QvoRZejf9s?t=8088,https://youtu.be/2QvoRZejf9s?t=8108,0,1,0,0,0,0,0,239250,239849
152,Data11/frame_label1.csv,https://youtu.be/2QvoRZejf9s?t=8112,https://youtu.be/2QvoRZejf9s?t=8118,0,1,0,0,0,0,0,239970,240149
153,Data11/frame_label1.csv,https://youtu.be/2QvoRZejf9s?t=8128,https://youtu.be/2QvoRZejf9s?t=8135,0,1,0,0,0,0,0,240450,240659
154,Data11/frame_label1.csv,https://youtu.be/2QvoRZejf9s?t=8163,https://youtu.be/2QvoRZejf9s?t=8165,0,1,0,0,0,0,0,241500,241559
155,Data11/frame_label1.csv,https://youtu.be/2QvoRZejf9s?t=8203,https://youtu.be/2QvoRZejf9s?t=8223,0,1,0,0,0,0,0,242700,243299
156,Data11/frame_label1.csv,https://youtu.be/2QvoRZejf9s?t=8285,https://youtu.be/2QvoRZejf9s?t=8300,0,1,0,0,0,0,0,245160,245609
157,Data11/frame_label1.csv,https://youtu.be/2QvoRZejf9s?t=8373,https://youtu.be/2QvoRZejf9s?t=8381,0,1,0,0,0,0,0,247800,248039
158,Data11/frame_label1.csv,https://youtu.be/2QvoRZejf9s?t=8399,https://youtu.be/2QvoRZejf9s?t=8410,0,1,0,0,0,0,0,248580,248909
159,Data11/frame_label1.csv,https://youtu.be/2QvoRZejf9s?t=8423,https://youtu.be/2QvoRZejf9s?t=8428,0,1,0,0,0,0,0,249300,249449
160,Data11/frame_label1.csv,https://youtu.be/2QvoRZejf9s?t=8480,https://youtu.be/2QvoRZejf9s?t=8491,0,1,0,0,0,0,0,251010,251339
161,Data11/frame_label1.csv,https://youtu.be/2QvoRZejf9s?t=8729,https://youtu.be/2QvoRZejf9s?t=8733,0,1,0,0,0,0,0,258480,258599
162,Data11/frame_label1.csv,https://youtu.be/2QvoRZejf9s?t=8806,https://youtu.be/2QvoRZejf9s?t=8816,0,1,0,0,0,0,0,260790,261089
163,Data11/frame_label1.csv,https://youtu.be/2QvoRZejf9s?t=8919,https://youtu.be/2QvoRZejf9s?t=8935,0,1,0,0,0,0,0,264180,264659
164,Data11/frame_label1.csv,https://youtu.be/2QvoRZejf9s?t=9058,https://youtu.be/2QvoRZejf9s?t=9062,0,1,0,0,0,0,0,268350,268469
165,Data11/frame_label1.csv,https://youtu.be/2QvoRZejf9s?t=9188,https://youtu.be/2QvoRZejf9s?t=9191,1,0,0,0,0,0,0,272250,272339
166,Data11/frame_label1.csv,https://youtu.be/2QvoRZejf9s?t=9418,https://youtu.be/2QvoRZejf9s?t=9431,0,1,0,0,0,0,0,279150,279539
167,Data11/frame_label1.csv,https://youtu.be/2QvoRZejf9s?t=9464,https://youtu.be/2QvoRZejf9s?t=9481,0,1,1,0,0,0,0,280530,281039
168,Data11/frame_label1.csv,https://youtu.be/2QvoRZejf9s?t=9515,https://youtu.be/2QvoRZejf9s?t=9533,0,1,0,0,0,0,0,282060,282599
169,Data11/frame_label1.csv,https://youtu.be/2QvoRZejf9s?t=9596,https://youtu.be/2QvoRZejf9s?t=9601,0,1,0,0,0,0,0,284490,284639
170,Data11/frame_label1.csv,https://youtu.be/2QvoRZejf9s?t=9629,https://youtu.be/2QvoRZejf9s?t=9638,0,1,0,0,0,0,0,285480,285749
171,Data11/frame_label1.csv,https://youtu.be/2QvoRZejf9s?t=9644,https://youtu.be/2QvoRZejf9s?t=9647,0,1,0,0,0,0,0,285930,286019
172,Data11/frame_label1.csv,https://youtu.be/2QvoRZejf9s?t=9817,https://youtu.be/2QvoRZejf9s?t=9822,0,1,0,0,0,0,0,291120,291269
173,Data11/frame_label1.csv,https://youtu.be/2QvoRZejf9s?t=9917,https://youtu.be/2QvoRZejf9s?t=9923,0,1,0,0,0,0,0,294120,294299
174,Data11/frame_label1.csv,https://youtu.be/2QvoRZejf9s?t=9976,https://youtu.be/2QvoRZejf9s?t=9986,0,1,0,0,0,0,0,295890,296189
175,Data11/frame_label1.csv,https://youtu.be/2QvoRZejf9s?t=10022,https://youtu.be/2QvoRZejf9s?t=10028,0,1,0,0,0,0,0,297270,297449
176,Data11/frame_label1.csv,https://youtu.be/2QvoRZejf9s?t=10032,https://youtu.be/2QvoRZejf9s?t=10037,0,1,0,0,0,0,0,297570,297719
177,Data11/frame_label1.csv,https://youtu.be/2QvoRZejf9s?t=10058,https://youtu.be/2QvoRZejf9s?t=10078,0,1,0,0,0,0,0,298350,298949
178,Data11/frame_label1.csv,https://youtu.be/2QvoRZejf9s?t=10099,https://youtu.be/2QvoRZejf9s?t=10105,0,1,0,0,0,0,0,299580,299759
179,Data11/frame_label1.csv,https://youtu.be/2QvoRZejf9s?t=10121,https://youtu.be/2QvoRZejf9s?t=10130,0,1,0,0,0,0,0,300240,300509
180,Data11/frame_label1.csv,https://youtu.be/2QvoRZejf9s?t=10141,https://youtu.be/2QvoRZejf9s?t=10148,0,1,0,0,0,0,0,300840,301049
181,Data11/frame_label1.csv,https://youtu.be/2QvoRZejf9s?t=10171,https://youtu.be/2QvoRZejf9s?t=10179,0,1,0,0,0,0,0,301740,301979
182,Data11/frame_label1.csv,https://youtu.be/2QvoRZejf9s?t=10190,https://youtu.be/2QvoRZejf9s?t=10194,0,1,0,0,0,0,0,302310,302429
183,Data11/frame_label1.csv,https://youtu.be/2QvoRZejf9s?t=10198,https://youtu.be/2QvoRZejf9s?t=10203,0,1,0,0,0,0,0,302550,302699
184,Data11/frame_label1.csv,https://youtu.be/2QvoRZejf9s?t=10216,https://youtu.be/2QvoRZejf9s?t=10222,0,1,0,0,0,0,0,303090,303269
185,Data11/frame_label1.csv,https://youtu.be/2QvoRZejf9s?t=10291,https://youtu.be/2QvoRZejf9s?t=10307,0,1,0,0,0,0,0,305340,305819
186,Data11/frame_label1.csv,https://youtu.be/2QvoRZejf9s?t=10314,https://youtu.be/2QvoRZejf9s?t=10317,0,1,0,0,0,0,0,306030,306119
187,Data11/frame_label1.csv,https://youtu.be/2QvoRZejf9s?t=10327,https://youtu.be/2QvoRZejf9s?t=10334,0,1,0,0,0,0,0,306420,306629
188,Data11/frame_label1.csv,https://youtu.be/2QvoRZejf9s?t=10353,https://youtu.be/2QvoRZejf9s?t=10366,0,1,0,0,0,0,0,307200,307589
189,Data11/frame_label1.csv,https://youtu.be/2QvoRZejf9s?t=10387,https://youtu.be/2QvoRZejf9s?t=10390,0,1,0,0,0,0,0,308220,308309
190,Data11/frame_label1.csv,https://youtu.be/2QvoRZejf9s?t=10413,https://youtu.be/2QvoRZejf9s?t=10419,0,1,0,0,0,0,0,309000,309179
191,Data11/frame_label1.csv,https://youtu.be/2QvoRZejf9s?t=10527,https://youtu.be/2QvoRZejf9s?t=10531,0,1,0,0,0,0,0,312420,312539
192,Data11/frame_label1.csv,https://youtu.be/2QvoRZejf9s?t=10542,https://youtu.be/2QvoRZejf9s?t=10550,0,1,0,0,0,0,0,312870,313109
193,Data11/frame_label1.csv,https://youtu.be/2QvoRZejf9s?t=10563,https://youtu.be/2QvoRZejf9s?t=10567,0,1,0,0,0,0,0,313500,313619
194,Data11/frame_label1.csv,https://youtu.be/2QvoRZejf9s?t=10601,https://youtu.be/2QvoRZejf9s?t=10614,0,1,0,0,0,0,0,314640,315029
195,Data11/frame_label1.csv,https://youtu.be/2QvoRZejf9s?t=10628,https://youtu.be/2QvoRZejf9s?t=10636,0,1,0,0,0,0,0,315450,315689
196,Data11/frame_label1.csv,https://youtu.be/2QvoRZejf9s?t=10653,https://youtu.be/2QvoRZejf9s?t=10664,0,1,0,0,0,0,0,316200,316529
197,Data11/frame_label1.csv,https://youtu.be/2QvoRZejf9s?t=10682,https://youtu.be/2QvoRZejf9s?t=10699,0,1,0,0,0,0,0,317070,317579
198,Data11/frame_label1.csv,https://youtu.be/2QvoRZejf9s?t=10708,https://youtu.be/2QvoRZejf9s?t=10716,0,1,0,0,0,0,0,317850,318089
199,Data11/frame_label1.csv,https://youtu.be/2QvoRZejf9s?t=10733,https://youtu.be/2QvoRZejf9s?t=10752,0,1,0,0,0,0,0,318600,319169
200,Data11/frame_label1.csv,https://youtu.be/2QvoRZejf9s?t=10821,https://youtu.be/2QvoRZejf9s?t=10825,0,1,0,0,0,0,0,321240,321359
201,Data11/frame_label1.csv,https://youtu.be/2QvoRZejf9s?t=10844,https://youtu.be/2QvoRZejf9s?t=10850,0,1,0,0,0,0,0,321930,322109
202,Data11/frame_label1.csv,https://youtu.be/2QvoRZejf9s?t=10896,https://youtu.be/2QvoRZejf9s?t=10906,0,1,0,0,0,0,0,323490,323789
203,Data12/frame_label1.csv,https://youtu.be/2QvoRZejf9s?t=11508,https://youtu.be/2QvoRZejf9s?t=11513,0,1,0,0,0,0,0,341850,341999
204,Data12/frame_label1.csv,https://youtu.be/2QvoRZejf9s?t=14219,https://youtu.be/2QvoRZejf9s?t=14223,0,1,0,0,0,0,0,423180,423299
205,Data12/frame_label1.csv,https://youtu.be/2QvoRZejf9s?t=14229,https://youtu.be/2QvoRZejf9s?t=14233,1,0,0,0,0,0,0,423480,423599
206,Data13/frame_label1.csv,https://youtu.be/2QvoRZejf9s?t=15584,https://youtu.be/2QvoRZejf9s?t=15599,0,1,1,0,0,0,0,464130,464579
207,Data13/frame_label1.csv,https://youtu.be/2QvoRZejf9s?t=15619,https://youtu.be/2QvoRZejf9s?t=15635,0,1,1,0,0,0,0,465180,465659
208,Data13/frame_label1.csv,https://youtu.be/2QvoRZejf9s?t=17107,https://youtu.be/2QvoRZejf9s?t=17117,0,1,0,0,0,0,0,509820,510119
209,Data13/frame_label1.csv,https://youtu.be/2QvoRZejf9s?t=17884,https://youtu.be/2QvoRZejf9s?t=17887,1,0,0,0,0,0,0,533130,533219
210,Data13/frame_label1.csv,https://youtu.be/2QvoRZejf9s?t=18073,https://youtu.be/2QvoRZejf9s?t=18095,0,1,0,0,0,0,0,538800,539459
211,Data15/frame_label1.csv,https://youtu.be/2QvoRZejf9s?t=21897,https://youtu.be/2QvoRZejf9s?t=21904,0,1,0,0,0,0,0,653520,653729
212,Data15/frame_label1.csv,https://youtu.be/2QvoRZejf9s?t=22109,https://youtu.be/2QvoRZejf9s?t=22113,1,0,0,0,0,0,0,659880,659999
213,Data15/frame_label1.csv,https://youtu.be/2QvoRZejf9s?t=24435,https://youtu.be/2QvoRZejf9s?t=24439,1,0,0,0,0,0,0,729660,729779
214,Data16/frame_label1.csv,https://youtu.be/PDjyRXZ_sek?t=598,https://youtu.be/PDjyRXZ_sek?t=603,0,1,0,0,0,0,0,17550,17699
215,Data16/frame_label1.csv,https://youtu.be/PDjyRXZ_sek?t=1156,https://youtu.be/PDjyRXZ_sek?t=1161,0,1,0,0,0,0,0,34290,34439
216,Data16/frame_label1.csv,https://youtu.be/PDjyRXZ_sek?t=1284,https://youtu.be/PDjyRXZ_sek?t=1289,1,0,0,0,0,0,0,38130,38279
217,Data16/frame_label1.csv,https://youtu.be/PDjyRXZ_sek?t=2240,https://youtu.be/PDjyRXZ_sek?t=2243,1,0,0,0,0,0,0,66810,66899
218,Data16/frame_label1.csv,https://youtu.be/PDjyRXZ_sek?t=2563,https://youtu.be/PDjyRXZ_sek?t=2566,1,0,0,0,0,0,0,76500,76589
219,Data17/frame_label1.csv,https://youtu.be/PDjyRXZ_sek?t=3883,https://youtu.be/PDjyRXZ_sek?t=3886,1,0,0,0,0,0,0,116100,116189
220,Data17/frame_label1.csv,https://youtu.be/PDjyRXZ_sek?t=6627,https://youtu.be/PDjyRXZ_sek?t=6631,1,0,0,0,0,0,0,198420,198539
221,Data18/frame_label1.csv,https://youtu.be/PDjyRXZ_sek?t=7725,https://youtu.be/PDjyRXZ_sek?t=7728,1,0,0,0,0,0,0,231360,231449
222,Data18/frame_label1.csv,https://youtu.be/PDjyRXZ_sek?t=10073,https://youtu.be/PDjyRXZ_sek?t=10075,0,1,0,0,0,0,0,301800,301859
223,Data18/frame_label1.csv,https://youtu.be/PDjyRXZ_sek?t=10601,https://youtu.be/PDjyRXZ_sek?t=10614,0,1,1,0,0,0,0,317640,318029
224,Data22/frame_label1.csv,https://youtu.be/PDjyRXZ_sek?t=21670,https://youtu.be/PDjyRXZ_sek?t=21681,0,1,1,0,0,0,0,649710,650039
225,Data22/frame_label1.csv,https://youtu.be/PDjyRXZ_sek?t=21803,https://youtu.be/PDjyRXZ_sek?t=21817,0,1,0,0,0,0,0,653700,654119
226,Data22/frame_label1.csv,https://youtu.be/PDjyRXZ_sek?t=21849,https://youtu.be/PDjyRXZ_sek?t=21853,0,1,0,0,0,0,0,655080,655199
227,Data22/frame_label1.csv,https://youtu.be/PDjyRXZ_sek?t=21861,https://youtu.be/PDjyRXZ_sek?t=21864,1,0,0,0,0,0,0,655440,655529
228,Data22/frame_label1.csv,https://youtu.be/PDjyRXZ_sek?t=22468,https://youtu.be/PDjyRXZ_sek?t=22470,0,1,0,0,0,0,0,673650,673709
229,Data22/frame_label1.csv,https://youtu.be/PDjyRXZ_sek?t=24044,https://youtu.be/PDjyRXZ_sek?t=24054,0,1,0,0,0,0,0,720930,721229
230,Data23/frame_label1.csv,https://youtu.be/PDjyRXZ_sek?t=25217,https://youtu.be/PDjyRXZ_sek?t=25224,0,1,0,0,0,0,0,756120,756329
231,Data23/frame_label1.csv,https://youtu.be/PDjyRXZ_sek?t=25245,https://youtu.be/PDjyRXZ_sek?t=25251,0,1,0,0,0,0,0,756960,757139
232,Data23/frame_label1.csv,https://youtu.be/PDjyRXZ_sek?t=25271,https://youtu.be/PDjyRXZ_sek?t=25280,0,1,0,0,0,0,0,757740,758009
233,Data23/frame_label1.csv,https://youtu.be/PDjyRXZ_sek?t=25370,https://youtu.be/PDjyRXZ_sek?t=25376,0,1,0,0,0,0,0,760710,760889
234,Data23/frame_label1.csv,https://youtu.be/PDjyRXZ_sek?t=25391,https://youtu.be/PDjyRXZ_sek?t=25398,0,1,0,0,0,0,0,761340,761549
235,Data23/frame_label1.csv,https://youtu.be/PDjyRXZ_sek?t=25433,https://youtu.be/PDjyRXZ_sek?t=25441,0,1,0,0,0,0,0,762600,762839
236,Data23/frame_label1.csv,https://youtu.be/PDjyRXZ_sek?t=25453,https://youtu.be/PDjyRXZ_sek?t=25457,0,1,0,0,0,0,0,763200,763319
237,Data23/frame_label1.csv,https://youtu.be/PDjyRXZ_sek?t=25471,https://youtu.be/PDjyRXZ_sek?t=25482,0,1,0,0,0,0,0,763740,764069
238,Data23/frame_label1.csv,https://youtu.be/PDjyRXZ_sek?t=25503,https://youtu.be/PDjyRXZ_sek?t=25512,0,1,0,0,0,0,0,764700,764969
239,Data23/frame_label1.csv,https://youtu.be/PDjyRXZ_sek?t=25537,https://youtu.be/PDjyRXZ_sek?t=25545,0,1,0,0,0,0,0,765720,765959
240,Data23/frame_label1.csv,https://youtu.be/PDjyRXZ_sek?t=25566,https://youtu.be/PDjyRXZ_sek?t=25568,0,1,0,0,0,0,0,766590,766649
241,Data23/frame_label1.csv,https://youtu.be/PDjyRXZ_sek?t=25607,https://youtu.be/PDjyRXZ_sek?t=25613,0,1,0,0,0,0,0,767820,767999
242,Data23/frame_label1.csv,https://youtu.be/PDjyRXZ_sek?t=25653,https://youtu.be/PDjyRXZ_sek?t=25667,0,1,0,0,0,0,0,769200,769619
243,Data23/frame_label1.csv,https://youtu.be/PDjyRXZ_sek?t=25709,https://youtu.be/PDjyRXZ_sek?t=25714,0,1,0,0,0,0,0,770880,771029
244,Data23/frame_label1.csv,https://youtu.be/PDjyRXZ_sek?t=25799,https://youtu.be/PDjyRXZ_sek?t=25806,0,1,0,0,0,0,0,773580,773789
245,Data23/frame_label1.csv,https://youtu.be/PDjyRXZ_sek?t=25825,https://youtu.be/PDjyRXZ_sek?t=25836,0,1,0,0,0,0,0,774360,774689
246,Data23/frame_label1.csv,https://youtu.be/PDjyRXZ_sek?t=25857,https://youtu.be/PDjyRXZ_sek?t=25870,0,1,0,0,0,0,0,775320,775709
247,Data23/frame_label1.csv,https://youtu.be/PDjyRXZ_sek?t=25894,https://youtu.be/PDjyRXZ_sek?t=25912,0,1,0,0,0,0,0,776430,776969
248,Data23/frame_label1.csv,https://youtu.be/PDjyRXZ_sek?t=25940,https://youtu.be/PDjyRXZ_sek?t=25949,0,1,0,0,0,0,0,777810,778079
249,Data23/frame_label1.csv,https://youtu.be/PDjyRXZ_sek?t=25959,https://youtu.be/PDjyRXZ_sek?t=25966,0,1,0,0,0,0,0,778380,778589
250,Data23/frame_label1.csv,https://youtu.be/PDjyRXZ_sek?t=26026,https://youtu.be/PDjyRXZ_sek?t=26030,0,1,0,0,0,0,0,780390,780509
251,Data23/frame_label1.csv,https://youtu.be/PDjyRXZ_sek?t=26036,https://youtu.be/PDjyRXZ_sek?t=26039,1,0,0,0,0,0,0,780690,780779
252,Data23/frame_label1.csv,https://youtu.be/PDjyRXZ_sek?t=26097,https://youtu.be/PDjyRXZ_sek?t=26105,0,1,0,0,0,0,0,782520,782759
253,Data23/frame_label1.csv,https://youtu.be/PDjyRXZ_sek?t=26125,https://youtu.be/PDjyRXZ_sek?t=26133,0,1,0,0,0,0,0,783360,783599
254,Data23/frame_label1.csv,https://youtu.be/PDjyRXZ_sek?t=26148,https://youtu.be/PDjyRXZ_sek?t=26160,0,1,0,0,0,0,0,784050,784409
255,Data23/frame_label1.csv,https://youtu.be/PDjyRXZ_sek?t=26185,https://youtu.be/PDjyRXZ_sek?t=26193,0,1,0,0,0,0,0,785160,785399
256,Data23/frame_label1.csv,https://youtu.be/PDjyRXZ_sek?t=26245,https://youtu.be/PDjyRXZ_sek?t=26248,0,1,0,0,0,0,0,786960,787049
257,Data23/frame_label1.csv,https://youtu.be/PDjyRXZ_sek?t=26313,https://youtu.be/PDjyRXZ_sek?t=26331,0,1,0,0,0,0,0,789000,789539
258,Data23/frame_label1.csv,https://youtu.be/PDjyRXZ_sek?t=26393,https://youtu.be/PDjyRXZ_sek?t=26397,0,1,0,0,0,0,0,791400,791519
259,Data23/frame_label1.csv,https://youtu.be/PDjyRXZ_sek?t=26403,https://youtu.be/PDjyRXZ_sek?t=26407,1,0,0,0,0,0,0,791700,791819
260,Data23/frame_label1.csv,https://youtu.be/PDjyRXZ_sek?t=26463,https://youtu.be/PDjyRXZ_sek?t=26476,0,1,0,0,0,0,0,793500,793889
261,Data23/frame_label1.csv,https://youtu.be/PDjyRXZ_sek?t=26489,https://youtu.be/PDjyRXZ_sek?t=26494,0,1,0,0,0,0,0,794280,794429
262,Data23/frame_label1.csv,https://youtu.be/PDjyRXZ_sek?t=26522,https://youtu.be/PDjyRXZ_sek?t=26531,0,1,0,0,0,0,0,795270,795539
263,Data23/frame_label1.csv,https://youtu.be/PDjyRXZ_sek?t=26555,https://youtu.be/PDjyRXZ_sek?t=26564,0,1,0,0,0,0,0,796260,796529
264,Data23/frame_label1.csv,https://youtu.be/PDjyRXZ_sek?t=26581,https://youtu.be/PDjyRXZ_sek?t=26585,0,1,0,0,0,0,0,797040,797159
265,Data23/frame_label1.csv,https://youtu.be/PDjyRXZ_sek?t=26612,https://youtu.be/PDjyRXZ_sek?t=26617,0,1,0,0,0,0,0,797970,798119
266,Data23/frame_label1.csv,https://youtu.be/PDjyRXZ_sek?t=26638,https://youtu.be/PDjyRXZ_sek?t=26640,0,1,0,0,0,0,0,798750,798809
267,Data23/frame_label1.csv,https://youtu.be/PDjyRXZ_sek?t=26682,https://youtu.be/PDjyRXZ_sek?t=26693,0,1,0,0,0,0,0,800070,800399
268,Data23/frame_label1.csv,https://youtu.be/PDjyRXZ_sek?t=26711,https://youtu.be/PDjyRXZ_sek?t=26723,0,1,0,0,0,0,0,800940,801299
269,Data23/frame_label1.csv,https://youtu.be/PDjyRXZ_sek?t=26748,https://youtu.be/PDjyRXZ_sek?t=26756,0,1,0,0,0,0,0,802050,802289
270,Data23/frame_label1.csv,https://youtu.be/PDjyRXZ_sek?t=26819,https://youtu.be/PDjyRXZ_sek?t=26826,0,1,0,0,0,0,0,804180,804389
271,Data23/frame_label1.csv,https://youtu.be/PDjyRXZ_sek?t=26845,https://youtu.be/PDjyRXZ_sek?t=26849,0,1,0,0,0,0,0,804960,805079
272,Data23/frame_label1.csv,https://youtu.be/PDjyRXZ_sek?t=26861,https://youtu.be/PDjyRXZ_sek?t=26883,0,1,0,0,0,0,0,805440,806099
273,Data23/frame_label1.csv,https://youtu.be/PDjyRXZ_sek?t=26903,https://youtu.be/PDjyRXZ_sek?t=26912,0,1,0,0,0,0,0,806700,806969
274,Data23/frame_label1.csv,https://youtu.be/PDjyRXZ_sek?t=27011,https://youtu.be/PDjyRXZ_sek?t=27024,0,1,0,0,0,0,0,809940,810329
275,Data23/frame_label1.csv,https://youtu.be/PDjyRXZ_sek?t=27037,https://youtu.be/PDjyRXZ_sek?t=27046,0,1,0,0,0,0,0,810720,810989
276,Data23/frame_label1.csv,https://youtu.be/PDjyRXZ_sek?t=27066,https://youtu.be/PDjyRXZ_sek?t=27072,0,1,0,0,0,0,0,811590,811769
277,Data23/frame_label1.csv,https://youtu.be/PDjyRXZ_sek?t=27095,https://youtu.be/PDjyRXZ_sek?t=27102,0,1,0,0,0,0,0,812460,812669
278,Data23/frame_label1.csv,https://youtu.be/PDjyRXZ_sek?t=27139,https://youtu.be/PDjyRXZ_sek?t=27154,0,1,0,0,0,0,0,813780,814229
279,Data23/frame_label1.csv,https://youtu.be/PDjyRXZ_sek?t=27170,https://youtu.be/PDjyRXZ_sek?t=27178,0,1,0,0,0,0,0,814710,814949
280,Data23/frame_label1.csv,https://youtu.be/PDjyRXZ_sek?t=27199,https://youtu.be/PDjyRXZ_sek?t=27208,0,1,0,0,0,0,0,815580,815849
281,Data23/frame_label1.csv,https://youtu.be/PDjyRXZ_sek?t=27228,https://youtu.be/PDjyRXZ_sek?t=27237,0,1,0,0,0,0,0,816450,816719
282,Data23/frame_label1.csv,https://youtu.be/PDjyRXZ_sek?t=27241,https://youtu.be/PDjyRXZ_sek?t=27257,0,1,0,0,0,0,0,816840,817319
283,Data23/frame_label1.csv,https://youtu.be/PDjyRXZ_sek?t=27308,https://youtu.be/PDjyRXZ_sek?t=27316,0,1,0,0,0,0,0,818850,819089
284,Data23/frame_label1.csv,https://youtu.be/PDjyRXZ_sek?t=27318,https://youtu.be/PDjyRXZ_sek?t=27334,0,1,0,0,0,0,0,819150,819629
285,Data23/frame_label1.csv,https://youtu.be/PDjyRXZ_sek?t=27348,https://youtu.be/PDjyRXZ_sek?t=27357,0,1,0,0,0,0,0,820050,820319
286,Data23/frame_label1.csv,https://youtu.be/PDjyRXZ_sek?t=27368,https://youtu.be/PDjyRXZ_sek?t=27375,0,1,0,0,0,0,0,820650,820859
287,Data23/frame_label1.csv,https://youtu.be/PDjyRXZ_sek?t=27393,https://youtu.be/PDjyRXZ_sek?t=27404,0,1,0,0,0,0,0,821400,821729
288,Data23/frame_label1.csv,https://youtu.be/PDjyRXZ_sek?t=27436,https://youtu.be/PDjyRXZ_sek?t=27444,0,1,0,0,0,0,0,822690,822929
289,Data23/frame_label1.csv,https://youtu.be/PDjyRXZ_sek?t=27471,https://youtu.be/PDjyRXZ_sek?t=27478,0,1,0,0,0,0,0,823740,823949
290,Data23/frame_label1.csv,https://youtu.be/PDjyRXZ_sek?t=27524,https://youtu.be/PDjyRXZ_sek?t=27537,0,1,1,0,0,0,0,825330,825719
291,Data23/frame_label1.csv,https://youtu.be/PDjyRXZ_sek?t=27882,https://youtu.be/PDjyRXZ_sek?t=27890,0,1,0,0,0,0,0,836070,836309
292,Data23/frame_label1.csv,https://youtu.be/PDjyRXZ_sek?t=28295,https://youtu.be/PDjyRXZ_sek?t=28304,0,1,0,0,0,0,0,848460,848729
293,Data23/frame_label1.csv,https://youtu.be/PDjyRXZ_sek?t=28394,https://youtu.be/PDjyRXZ_sek?t=28399,0,1,0,0,0,0,0,851430,851579
294,Data23/frame_label1.csv,https://youtu.be/PDjyRXZ_sek?t=28977,https://youtu.be/PDjyRXZ_sek?t=28983,0,1,0,0,0,0,0,868920,869099
295,Data23/frame_label1.csv,https://youtu.be/PDjyRXZ_sek?t=28985,https://youtu.be/PDjyRXZ_sek?t=28990,0,1,0,0,0,0,0,869160,869309
296,Data23/frame_label1.csv,https://youtu.be/PDjyRXZ_sek?t=28994,https://youtu.be/PDjyRXZ_sek?t=28998,0,1,0,0,0,0,0,869430,869549
297,Data23/frame_label1.csv,https://youtu.be/PDjyRXZ_sek?t=29090,https://youtu.be/PDjyRXZ_sek?t=29100,0,1,0,0,0,0,0,872310,872609
298,Data25/frame_label1.csv,https://youtu.be/7rMDI2mIALQ?t=453,https://youtu.be/7rMDI2mIALQ?t=460,0,0,0,1,0,0,0,12600,12809
299,Data25/frame_label1.csv,https://youtu.be/7rMDI2mIALQ?t=679,https://youtu.be/7rMDI2mIALQ?t=714,0,0,0,1,0,0,0,19380,20429
300,Data25/frame_label1.csv,https://youtu.be/7rMDI2mIALQ?t=907,https://youtu.be/7rMDI2mIALQ?t=909,0,0,0,1,0,0,0,26220,26279
301,Data25/frame_label1.csv,https://youtu.be/7rMDI2mIALQ?t=910,https://youtu.be/7rMDI2mIALQ?t=926,0,0,1,0,0,0,0,26310,26789
302,Data25/frame_label1.csv,https://youtu.be/7rMDI2mIALQ?t=1857,https://youtu.be/7rMDI2mIALQ?t=1863,0,0,0,1,0,0,0,54720,54899
303,Data25/frame_label1.csv,https://youtu.be/7rMDI2mIALQ?t=2124,https://youtu.be/7rMDI2mIALQ?t=2132,0,0,0,1,0,0,0,62730,62969
304,Data25/frame_label1.csv,https://youtu.be/7rMDI2mIALQ?t=2673,https://youtu.be/7rMDI2mIALQ?t=2691,0,0,0,1,0,0,0,79200,79739
305,Data25/frame_label1.csv,https://youtu.be/7rMDI2mIALQ?t=2808,https://youtu.be/7rMDI2mIALQ?t=2833,0,0,0,1,0,0,0,83250,83999
306,Data25/frame_label1.csv,https://youtu.be/7rMDI2mIALQ?t=3493,https://youtu.be/7rMDI2mIALQ?t=3501,0,0,0,1,0,0,0,103800,104039
307,Data27/frame_label1.csv,https://youtu.be/5b4TXHR85BA?t=88,https://youtu.be/5b4TXHR85BA?t=91,1,0,0,0,0,0,0,1350,1439
308,Data27/frame_label1.csv,https://youtu.be/5b4TXHR85BA?t=700,https://youtu.be/5b4TXHR85BA?t=720,0,0,0,1,0,0,0,19710,20309
309,Data27/frame_label1.csv,https://youtu.be/5b4TXHR85BA?t=718,https://youtu.be/5b4TXHR85BA?t=723,0,0,0,1,0,0,0,20250,20399
310,Data27/frame_label1.csv,https://youtu.be/5b4TXHR85BA?t=921,https://youtu.be/5b4TXHR85BA?t=923,0,0,0,1,0,0,0,26340,26399
311,Data27/frame_label1.csv,https://youtu.be/5b4TXHR85BA?t=923,https://youtu.be/5b4TXHR85BA?t=938,0,0,1,0,0,0,0,26400,26849
312,Data27/frame_label1.csv,https://youtu.be/5b4TXHR85BA?t=1076,https://youtu.be/5b4TXHR85BA?t=1080,0,0,0,1,0,0,0,30990,31109
313,Data27/frame_label1.csv,https://youtu.be/5b4TXHR85BA?t=1082,https://youtu.be/5b4TXHR85BA?t=1106,0,0,1,0,0,0,0,31170,31889
314,Data27/frame_label1.csv,https://youtu.be/5b4TXHR85BA?t=1228,https://youtu.be/5b4TXHR85BA?t=1238,0,0,1,0,0,0,0,35550,35849
315,Data27/frame_label1.csv,https://youtu.be/5b4TXHR85BA?t=1275,https://youtu.be/5b4TXHR85BA?t=1308,0,0,1,0,0,0,0,36960,37949
316,Data27/frame_label1.csv,https://youtu.be/5b4TXHR85BA?t=1372,https://youtu.be/5b4TXHR85BA?t=1383,0,0,1,0,0,0,0,39870,40199
317,Data27/frame_label1.csv,https://youtu.be/5b4TXHR85BA?t=1433,https://youtu.be/5b4TXHR85BA?t=1438,0,0,1,0,0,0,0,41700,41849
318,Data27/frame_label1.csv,https://youtu.be/5b4TXHR85BA?t=1611,https://youtu.be/5b4TXHR85BA?t=1621,0,0,1,0,0,0,0,47040,47339
319,Data27/frame_label1.csv,https://youtu.be/5b4TXHR85BA?t=1701,https://youtu.be/5b4TXHR85BA?t=1706,0,0,1,0,0,0,0,49740,49889
320,Data27/frame_label1.csv,https://youtu.be/5b4TXHR85BA?t=1788,https://youtu.be/5b4TXHR85BA?t=1796,0,0,1,0,0,0,0,52350,52589
321,Data27/frame_label1.csv,https://youtu.be/5b4TXHR85BA?t=1862,https://youtu.be/5b4TXHR85BA?t=1937,0,0,1,0,0,0,0,54570,56819
322,Data27/frame_label1.csv,https://youtu.be/5b4TXHR85BA?t=1981,https://youtu.be/5b4TXHR85BA?t=2000,0,0,1,0,0,0,0,58140,58709
323,Data27/frame_label1.csv,https://youtu.be/5b4TXHR85BA?t=2655,https://youtu.be/5b4TXHR85BA?t=2662,0,0,0,1,0,0,0,78360,78569
324,Data27/frame_label1.csv,https://youtu.be/5b4TXHR85BA?t=2840,https://youtu.be/5b4TXHR85BA?t=2848,1,0,0,0,0,0,0,83910,84149
325,Data32/frame_label1.csv,https://youtu.be/ux_c4WOiYnk?t=7348,https://youtu.be/ux_c4WOiYnk?t=7393,0,0,1,0,0,0,0,219480,220829
326,Data32/frame_label1.csv,https://youtu.be/ux_c4WOiYnk?t=7529,https://youtu.be/ux_c4WOiYnk?t=7534,1,0,0,0,0,0,0,224910,225059
327,Data32/frame_label1.csv,https://youtu.be/ux_c4WOiYnk?t=7686,https://youtu.be/ux_c4WOiYnk?t=7690,1,0,0,0,0,0,0,229620,229739
328,Data32/frame_label1.csv,https://youtu.be/ux_c4WOiYnk?t=7935,https://youtu.be/ux_c4WOiYnk?t=7947,0,0,1,0,0,0,0,237090,237449
329,Data32/frame_label1.csv,https://youtu.be/ux_c4WOiYnk?t=8188,https://youtu.be/ux_c4WOiYnk?t=8208,1,0,1,0,0,0,0,244680,245279
330,Data32/frame_label1.csv,https://youtu.be/ux_c4WOiYnk?t=8273,https://youtu.be/ux_c4WOiYnk?t=8276,0,0,1,0,0,0,0,247230,247319
331,Data32/frame_label1.csv,https://youtu.be/ux_c4WOiYnk?t=8279,https://youtu.be/ux_c4WOiYnk?t=8285,0,0,0,1,0,0,0,247410,247589
332,Data32/frame_label1.csv,https://youtu.be/ux_c4WOiYnk?t=8355,https://youtu.be/ux_c4WOiYnk?t=8373,1,0,1,0,0,0,0,249690,250229
333,Data32/frame_label1.csv,https://youtu.be/ux_c4WOiYnk?t=8645,https://youtu.be/ux_c4WOiYnk?t=8647,1,0,0,0,0,0,0,258390,258449
334,Data32/frame_label1.csv,https://youtu.be/ux_c4WOiYnk?t=8744,https://youtu.be/ux_c4WOiYnk?t=8746,1,0,0,0,0,0,0,261360,261419
335,Data32/frame_label1.csv,https://youtu.be/ux_c4WOiYnk?t=8969,https://youtu.be/ux_c4WOiYnk?t=8995,1,0,1,0,0,0,0,268110,268889
336,Data32/frame_label1.csv,https://youtu.be/ux_c4WOiYnk?t=9077,https://youtu.be/ux_c4WOiYnk?t=9087,0,0,1,0,0,0,0,271350,271649
337,Data32/frame_label1.csv,https://youtu.be/ux_c4WOiYnk?t=9219,https://youtu.be/ux_c4WOiYnk?t=9222,1,0,0,0,0,0,0,275610,275699
338,Data32/frame_label1.csv,https://youtu.be/ux_c4WOiYnk?t=9415,https://youtu.be/ux_c4WOiYnk?t=9417,1,0,0,0,0,0,0,281490,281549
339,Data32/frame_label1.csv,https://youtu.be/ux_c4WOiYnk?t=9526,https://youtu.be/ux_c4WOiYnk?t=9542,1,0,1,0,0,0,0,284820,285299
340,Data32/frame_label1.csv,https://youtu.be/ux_c4WOiYnk?t=10001,https://youtu.be/ux_c4WOiYnk?t=10022,1,0,1,0,0,0,0,299070,299699
341,Data32/frame_label1.csv,https://youtu.be/ux_c4WOiYnk?t=10479,https://youtu.be/ux_c4WOiYnk?t=10481,1,0,0,0,0,0,0,313410,313469
342,Data32/frame_label1.csv,https://youtu.be/ux_c4WOiYnk?t=10754,https://youtu.be/ux_c4WOiYnk?t=10793,1,0,1,0,0,0,0,321660,322829
343,Data33/frame_label1.csv,https://youtu.be/ux_c4WOiYnk?t=10926,https://youtu.be/ux_c4WOiYnk?t=10947,0,0,1,0,0,0,0,326820,327449
344,Data33/frame_label1.csv,https://youtu.be/ux_c4WOiYnk?t=11307,https://youtu.be/ux_c4WOiYnk?t=11347,0,0,1,0,0,0,0,338250,339449
345,Data33/frame_label1.csv,https://youtu.be/ux_c4WOiYnk?t=11738,https://youtu.be/ux_c4WOiYnk?t=11745,1,0,0,0,0,0,0,351180,351389
346,Data33/frame_label1.csv,https://youtu.be/ux_c4WOiYnk?t=11842,https://youtu.be/ux_c4WOiYnk?t=11870,0,0,1,0,0,0,0,354300,355139
347,Data33/frame_label1.csv,https://youtu.be/ux_c4WOiYnk?t=11944,https://youtu.be/ux_c4WOiYnk?t=11958,0,1,0,0,0,0,0,357360,357779
348,Data37/frame_label1.csv,https://youtu.be/mcjyerhDG1c?t=3647,https://youtu.be/mcjyerhDG1c?t=3797,0,0,0,1,0,0,0,108630,113129
349,Data37/frame_label1.csv,https://youtu.be/mcjyerhDG1c?t=4214,https://youtu.be/mcjyerhDG1c?t=4216,1,0,0,0,0,0,0,125640,125699
350,Data37/frame_label1.csv,https://youtu.be/mcjyerhDG1c?t=4246,https://youtu.be/mcjyerhDG1c?t=4281,0,0,0,1,0,0,0,126600,127649
351,Data37/frame_label1.csv,https://youtu.be/mcjyerhDG1c?t=4314,https://youtu.be/mcjyerhDG1c?t=4848,0,0,0,1,0,0,0,128640,144659
352,Data37/frame_label1.csv,https://youtu.be/mcjyerhDG1c?t=4861,https://youtu.be/mcjyerhDG1c?t=4891,0,0,0,1,0,0,0,145050,145949
353,Data37/frame_label1.csv,https://youtu.be/mcjyerhDG1c?t=5083,https://youtu.be/mcjyerhDG1c?t=5086,1,0,0,0,0,0,0,151710,151799
354,Data37/frame_label1.csv,https://youtu.be/mcjyerhDG1c?t=5137,https://youtu.be/mcjyerhDG1c?t=5167,1,0,1,0,0,0,0,153330,154229
355,Data37/frame_label1.csv,https://youtu.be/mcjyerhDG1c?t=5577,https://youtu.be/mcjyerhDG1c?t=5593,1,0,1,0,0,0,0,166530,167009
356,Data37/frame_label1.csv,https://youtu.be/mcjyerhDG1c?t=6375,https://youtu.be/mcjyerhDG1c?t=7027,0,0,0,1,0,0,0,190470,210029
357,Data43/frame_label1.csv,https://youtu.be/qOzg0st0KfY?t=199,https://youtu.be/qOzg0st0KfY?t=253,1,0,1,0,0,0,0,4380,5999
358,Data43/frame_label1.csv,https://youtu.be/qOzg0st0KfY?t=644,https://youtu.be/qOzg0st0KfY?t=689,1,0,1,0,0,0,0,17730,19079
359,Data43/frame_label1.csv,https://youtu.be/qOzg0st0KfY?t=695,https://youtu.be/qOzg0st0KfY?t=738,1,0,1,0,0,0,0,19260,20549
360,Data43/frame_label1.csv,https://youtu.be/qOzg0st0KfY?t=961,https://youtu.be/qOzg0st0KfY?t=978,1,0,1,0,0,0,0,27240,27749
361,Data43/frame_label1.csv,https://youtu.be/qOzg0st0KfY?t=1563,https://youtu.be/qOzg0st0KfY?t=1584,1,0,1,0,0,0,0,45300,45929
362,Data43/frame_label1.csv,https://youtu.be/qOzg0st0KfY?t=1681,https://youtu.be/qOzg0st0KfY?t=1708,1,0,1,0,0,0,0,48840,49649
363,Data43/frame_label1.csv,https://youtu.be/qOzg0st0KfY?t=1768,https://youtu.be/qOzg0st0KfY?t=1783,1,0,1,0,0,0,0,51450,51899
364,Data43/frame_label1.csv,https://youtu.be/qOzg0st0KfY?t=2919,https://youtu.be/qOzg0st0KfY?t=2973,1,0,1,0,0,0,0,85980,87599
365,Data43/frame_label1.csv,https://youtu.be/qOzg0st0KfY?t=3437,https://youtu.be/qOzg0st0KfY?t=3507,1,0,1,0,0,0,0,101520,103619
366,Data44/frame_label1.csv,https://youtu.be/oWZuaFW2Io0?t=539,https://youtu.be/oWZuaFW2Io0?t=585,1,0,1,0,0,0,0,13650,15029
367,Data44/frame_label1.csv,https://youtu.be/oWZuaFW2Io0?t=1101,https://youtu.be/oWZuaFW2Io0?t=1124,0,0,1,1,0,0,0,30510,31199
368,Data44/frame_label1.csv,https://youtu.be/oWZuaFW2Io0?t=1268,https://youtu.be/oWZuaFW2Io0?t=1316,1,0,1,0,0,0,0,35520,36959
369,Data44/frame_label1.csv,https://youtu.be/oWZuaFW2Io0?t=1422,https://youtu.be/oWZuaFW2Io0?t=1435,0,0,0,1,0,0,0,40140,40529
370,Data44/frame_label1.csv,https://youtu.be/oWZuaFW2Io0?t=1452,https://youtu.be/oWZuaFW2Io0?t=1463,0,0,0,1,0,0,0,41040,41369
371,Data44/frame_label1.csv,https://youtu.be/oWZuaFW2Io0?t=1551,https://youtu.be/oWZuaFW2Io0?t=1612,1,0,1,0,0,0,0,44010,45839
372,Data44/frame_label1.csv,https://youtu.be/oWZuaFW2Io0?t=1626,https://youtu.be/oWZuaFW2Io0?t=1656,0,0,1,1,0,0,0,46260,47159
373,Data44/frame_label1.csv,https://youtu.be/oWZuaFW2Io0?t=1879,https://youtu.be/oWZuaFW2Io0?t=1886,1,0,0,0,0,0,0,53850,54059
374,Data44/frame_label1.csv,https://youtu.be/oWZuaFW2Io0?t=1979,https://youtu.be/oWZuaFW2Io0?t=1993,1,0,1,0,0,0,0,56850,57269
375,Data44/frame_label1.csv,https://youtu.be/oWZuaFW2Io0?t=2140,https://youtu.be/oWZuaFW2Io0?t=2229,0,0,1,1,0,0,0,61680,64349
376,Data44/frame_label1.csv,https://youtu.be/oWZuaFW2Io0?t=2395,https://youtu.be/oWZuaFW2Io0?t=2398,0,0,0,1,0,0,0,69330,69419
377,Data44/frame_label1.csv,https://youtu.be/oWZuaFW2Io0?t=2417,https://youtu.be/oWZuaFW2Io0?t=2460,1,0,1,0,0,0,0,69990,71279
378,Data44/frame_label1.csv,https://youtu.be/oWZuaFW2Io0?t=2506,https://youtu.be/oWZuaFW2Io0?t=2573,0,0,1,1,0,0,0,72660,74669
379,Data44/frame_label1.csv,https://youtu.be/oWZuaFW2Io0?t=2759,https://youtu.be/oWZuaFW2Io0?t=2764,1,0,0,0,0,0,0,80250,80399
380,Data44/frame_label1.csv,https://youtu.be/oWZuaFW2Io0?t=2783,https://youtu.be/oWZuaFW2Io0?t=2819,0,0,1,1,0,0,0,80970,82049
381,Data44/frame_label1.csv,https://youtu.be/oWZuaFW2Io0?t=2869,https://youtu.be/oWZuaFW2Io0?t=2906,0,1,0,1,0,0,0,83550,84659
382,Data44/frame_label1.csv,https://youtu.be/oWZuaFW2Io0?t=2937,https://youtu.be/oWZuaFW2Io0?t=2953,1,0,1,0,0,0,0,85590,86069
383,Data44/frame_label1.csv,https://youtu.be/oWZuaFW2Io0?t=2970,https://youtu.be/oWZuaFW2Io0?t=3021,0,0,1,1,0,0,0,86580,88109
384,Data44/frame_label1.csv,https://youtu.be/oWZuaFW2Io0?t=3109,https://youtu.be/oWZuaFW2Io0?t=3187,0,1,0,1,0,0,0,90750,93089
385,Data44/frame_label1.csv,https://youtu.be/oWZuaFW2Io0?t=3233,https://youtu.be/oWZuaFW2Io0?t=3273,1,0,1,0,0,0,0,94470,95669
386,Data44/frame_label1.csv,https://youtu.be/oWZuaFW2Io0?t=3370,https://youtu.be/oWZuaFW2Io0?t=3373,1,0,0,0,0,0,0,98580,98669
387,Data44/frame_label1.csv,https://youtu.be/oWZuaFW2Io0?t=3421,https://youtu.be/oWZuaFW2Io0?t=3423,1,0,0,0,0,0,0,100110,100169
388,Data44/frame_label1.csv,https://youtu.be/oWZuaFW2Io0?t=3455,https://youtu.be/oWZuaFW2Io0?t=3476,1,0,1,0,0,0,0,101130,101759
389,Data44/frame_label1.csv,https://youtu.be/oWZuaFW2Io0?t=3495,https://youtu.be/oWZuaFW2Io0?t=3497,1,0,0,0,0,0,0,102330,102389
390,Data45/frame_label1.csv,https://youtu.be/oWZuaFW2Io0?t=3685,https://youtu.be/oWZuaFW2Io0?t=3695,0,0,1,0,0,0,0,108030,108329
391,Data45/frame_label1.csv,https://youtu.be/oWZuaFW2Io0?t=3801,https://youtu.be/oWZuaFW2Io0?t=3823,0,0,1,0,0,0,0,111510,112169
392,Data45/frame_label1.csv,https://youtu.be/oWZuaFW2Io0?t=3850,https://youtu.be/oWZuaFW2Io0?t=3866,1,0,1,0,0,0,0,112980,113459
393,Data45/frame_label1.csv,https://youtu.be/oWZuaFW2Io0?t=3931,https://youtu.be/oWZuaFW2Io0?t=3936,0,0,1,0,0,0,0,115410,115559
394,Data45/frame_label1.csv,https://youtu.be/oWZuaFW2Io0?t=3966,https://youtu.be/oWZuaFW2Io0?t=3989,0,0,1,0,0,0,0,116460,117149
395,Data45/frame_label1.csv,https://youtu.be/oWZuaFW2Io0?t=4024,https://youtu.be/oWZuaFW2Io0?t=4042,0,0,1,0,0,0,0,118200,118739
396,Data45/frame_label1.csv,https://youtu.be/oWZuaFW2Io0?t=4055,https://youtu.be/oWZuaFW2Io0?t=4060,0,0,1,0,0,0,0,119130,119279
397,Data45/frame_label1.csv,https://youtu.be/oWZuaFW2Io0?t=4096,https://youtu.be/oWZuaFW2Io0?t=4107,0,0,1,0,0,0,0,120360,120689
398,Data45/frame_label1.csv,https://youtu.be/oWZuaFW2Io0?t=4127,https://youtu.be/oWZuaFW2Io0?t=4131,0,0,1,0,0,0,0,121290,121409
399,Data45/frame_label1.csv,https://youtu.be/oWZuaFW2Io0?t=4154,https://youtu.be/oWZuaFW2Io0?t=4170,0,0,1,0,0,0,0,122100,122579
400,Data45/frame_label1.csv,https://youtu.be/oWZuaFW2Io0?t=4224,https://youtu.be/oWZuaFW2Io0?t=4232,0,0,1,0,0,0,0,124200,124439
401,Data45/frame_label1.csv,https://youtu.be/oWZuaFW2Io0?t=4249,https://youtu.be/oWZuaFW2Io0?t=4263,0,0,1,0,0,0,0,124950,125369
402,Data45/frame_label1.csv,https://youtu.be/oWZuaFW2Io0?t=4485,https://youtu.be/oWZuaFW2Io0?t=4495,0,0,1,0,0,0,0,132030,132329
403,Data45/frame_label1.csv,https://youtu.be/oWZuaFW2Io0?t=4519,https://youtu.be/oWZuaFW2Io0?t=4526,0,0,1,0,0,0,0,133050,133259
404,Data45/frame_label1.csv,https://youtu.be/oWZuaFW2Io0?t=4541,https://youtu.be/oWZuaFW2Io0?t=4543,0,0,1,0,0,0,0,133710,133769
405,Data45/frame_label1.csv,https://youtu.be/oWZuaFW2Io0?t=4569,https://youtu.be/oWZuaFW2Io0?t=4573,0,0,1,0,0,0,0,134550,134669
406,Data45/frame_label1.csv,https://youtu.be/oWZuaFW2Io0?t=4593,https://youtu.be/oWZuaFW2Io0?t=4607,0,0,1,0,0,0,0,135270,135689
407,Data45/frame_label1.csv,https://youtu.be/oWZuaFW2Io0?t=4624,https://youtu.be/oWZuaFW2Io0?t=4628,0,0,1,0,0,0,0,136200,136319
408,Data45/frame_label1.csv,https://youtu.be/oWZuaFW2Io0?t=4662,https://youtu.be/oWZuaFW2Io0?t=4667,0,0,1,0,0,0,0,137340,137489
409,Data45/frame_label1.csv,https://youtu.be/oWZuaFW2Io0?t=4684,https://youtu.be/oWZuaFW2Io0?t=4694,0,0,1,0,0,0,0,138000,138299
410,Data45/frame_label1.csv,https://youtu.be/oWZuaFW2Io0?t=4724,https://youtu.be/oWZuaFW2Io0?t=4729,0,0,1,0,0,0,0,139200,139349
411,Data45/frame_label1.csv,https://youtu.be/oWZuaFW2Io0?t=4733,https://youtu.be/oWZuaFW2Io0?t=4738,0,0,1,0,0,0,0,139470,139619
412,Data45/frame_label1.csv,https://youtu.be/oWZuaFW2Io0?t=4747,https://youtu.be/oWZuaFW2Io0?t=4768,0,0,1,0,0,0,0,139890,140519
413,Data45/frame_label1.csv,https://youtu.be/oWZuaFW2Io0?t=4781,https://youtu.be/oWZuaFW2Io0?t=4791,0,0,1,0,0,0,0,140910,141209
414,Data45/frame_label1.csv,https://youtu.be/oWZuaFW2Io0?t=4802,https://youtu.be/oWZuaFW2Io0?t=4806,0,0,1,0,0,0,0,141540,141659
415,Data45/frame_label1.csv,https://youtu.be/oWZuaFW2Io0?t=4815,https://youtu.be/oWZuaFW2Io0?t=4821,0,0,1,0,0,0,0,141930,142109
416,Data45/frame_label1.csv,https://youtu.be/oWZuaFW2Io0?t=4832,https://youtu.be/oWZuaFW2Io0?t=4835,0,0,1,0,0,0,0,142440,142529
417,Data45/frame_label1.csv,https://youtu.be/oWZuaFW2Io0?t=4847,https://youtu.be/oWZuaFW2Io0?t=4852,0,0,1,0,0,0,0,142890,143039
418,Data45/frame_label1.csv,https://youtu.be/oWZuaFW2Io0?t=4885,https://youtu.be/oWZuaFW2Io0?t=4893,0,0,1,0,0,0,0,144030,144269
419,Data45/frame_label1.csv,https://youtu.be/oWZuaFW2Io0?t=4958,https://youtu.be/oWZuaFW2Io0?t=4972,0,0,1,0,0,0,0,146220,146639
420,Data45/frame_label1.csv,https://youtu.be/oWZuaFW2Io0?t=5008,https://youtu.be/oWZuaFW2Io0?t=5011,0,0,1,0,0,0,0,147720,147809
421,Data45/frame_label1.csv,https://youtu.be/oWZuaFW2Io0?t=5030,https://youtu.be/oWZuaFW2Io0?t=5035,0,0,1,0,0,0,0,148380,148529
422,Data45/frame_label1.csv,https://youtu.be/oWZuaFW2Io0?t=5087,https://youtu.be/oWZuaFW2Io0?t=5097,0,0,1,0,0,0,0,150090,150389
423,Data45/frame_label1.csv,https://youtu.be/oWZuaFW2Io0?t=5106,https://youtu.be/oWZuaFW2Io0?t=5116,0,0,1,0,0,0,0,150660,150959
424,Data45/frame_label1.csv,https://youtu.be/oWZuaFW2Io0?t=5134,https://youtu.be/oWZuaFW2Io0?t=5136,0,0,1,0,0,0,0,151500,151559
425,Data45/frame_label1.csv,https://youtu.be/oWZuaFW2Io0?t=5154,https://youtu.be/oWZuaFW2Io0?t=5168,0,0,1,0,0,0,0,152100,152519
426,Data45/frame_label1.csv,https://youtu.be/oWZuaFW2Io0?t=5182,https://youtu.be/oWZuaFW2Io0?t=5185,0,0,1,0,0,0,0,152940,153029
427,Data45/frame_label1.csv,https://youtu.be/oWZuaFW2Io0?t=5194,https://youtu.be/oWZuaFW2Io0?t=5196,0,0,1,0,0,0,0,153300,153359
428,Data45/frame_label1.csv,https://youtu.be/oWZuaFW2Io0?t=5205,https://youtu.be/oWZuaFW2Io0?t=5224,0,0,1,0,0,0,0,153630,154199
429,Data45/frame_label1.csv,https://youtu.be/oWZuaFW2Io0?t=5244,https://youtu.be/oWZuaFW2Io0?t=5251,0,0,1,0,0,0,0,154800,155009
430,Data45/frame_label1.csv,https://youtu.be/oWZuaFW2Io0?t=5302,https://youtu.be/oWZuaFW2Io0?t=5316,0,0,1,0,0,0,0,156540,156959
431,Data45/frame_label1.csv,https://youtu.be/oWZuaFW2Io0?t=5392,https://youtu.be/oWZuaFW2Io0?t=5403,0,0,1,0,0,0,0,159240,159569
432,Data45/frame_label1.csv,https://youtu.be/oWZuaFW2Io0?t=5419,https://youtu.be/oWZuaFW2Io0?t=5427,0,0,1,0,0,0,0,160050,160289
433,Data45/frame_label1.csv,https://youtu.be/oWZuaFW2Io0?t=5439,https://youtu.be/oWZuaFW2Io0?t=5443,0,0,1,0,0,0,0,160650,160769
434,Data45/frame_label1.csv,https://youtu.be/oWZuaFW2Io0?t=5464,https://youtu.be/oWZuaFW2Io0?t=5469,0,0,1,0,0,0,0,161400,161549
435,Data45/frame_label1.csv,https://youtu.be/oWZuaFW2Io0?t=5501,https://youtu.be/oWZuaFW2Io0?t=5514,0,0,1,0,0,0,0,162510,162899
436,Data45/frame_label1.csv,https://youtu.be/oWZuaFW2Io0?t=5530,https://youtu.be/oWZuaFW2Io0?t=5535,0,0,1,0,0,0,0,163380,163529
437,Data45/frame_label1.csv,https://youtu.be/oWZuaFW2Io0?t=5550,https://youtu.be/oWZuaFW2Io0?t=5554,0,0,1,0,0,0,0,163980,164099
438,Data45/frame_label1.csv,https://youtu.be/oWZuaFW2Io0?t=5566,https://youtu.be/oWZuaFW2Io0?t=5571,0,0,1,0,0,0,0,164460,164609
439,Data45/frame_label1.csv,https://youtu.be/oWZuaFW2Io0?t=5726,https://youtu.be/oWZuaFW2Io0?t=5730,0,0,1,0,0,0,0,169260,169379
440,Data45/frame_label1.csv,https://youtu.be/oWZuaFW2Io0?t=5781,https://youtu.be/oWZuaFW2Io0?t=5796,0,0,1,0,0,0,0,170910,171359
441,Data45/frame_label1.csv,https://youtu.be/oWZuaFW2Io0?t=5830,https://youtu.be/oWZuaFW2Io0?t=5860,0,0,1,0,0,0,0,172380,173279
442,Data45/frame_label1.csv,https://youtu.be/oWZuaFW2Io0?t=5892,https://youtu.be/oWZuaFW2Io0?t=5899,0,0,1,0,0,0,0,174240,174449
443,Data45/frame_label1.csv,https://youtu.be/oWZuaFW2Io0?t=6259,https://youtu.be/oWZuaFW2Io0?t=6268,0,0,1,0,0,0,0,185250,185519
444,Data45/frame_label1.csv,https://youtu.be/oWZuaFW2Io0?t=6335,https://youtu.be/oWZuaFW2Io0?t=6353,0,0,1,0,0,0,0,187530,188069
445,Data45/frame_label1.csv,https://youtu.be/oWZuaFW2Io0?t=6379,https://youtu.be/oWZuaFW2Io0?t=6383,0,0,1,0,0,0,0,188850,188969
446,Data45/frame_label1.csv,https://youtu.be/oWZuaFW2Io0?t=6423,https://youtu.be/oWZuaFW2Io0?t=6429,0,0,1,0,0,0,0,190170,190349
447,Data45/frame_label1.csv,https://youtu.be/oWZuaFW2Io0?t=6507,https://youtu.be/oWZuaFW2Io0?t=6509,0,0,1,0,0,0,0,192690,192749
448,Data45/frame_label1.csv,https://youtu.be/oWZuaFW2Io0?t=6547,https://youtu.be/oWZuaFW2Io0?t=6574,0,0,1,0,0,0,0,193890,194699
449,Data45/frame_label1.csv,https://youtu.be/oWZuaFW2Io0?t=6607,https://youtu.be/oWZuaFW2Io0?t=6624,0,0,1,0,0,0,0,195690,196199
450,Data45/frame_label1.csv,https://youtu.be/oWZuaFW2Io0?t=6637,https://youtu.be/oWZuaFW2Io0?t=6645,0,0,1,0,0,0,0,196590,196829
451,Data45/frame_label1.csv,https://youtu.be/oWZuaFW2Io0?t=6688,https://youtu.be/oWZuaFW2Io0?t=6695,0,0,1,0,0,0,0,198120,198329
452,Data45/frame_label1.csv,https://youtu.be/oWZuaFW2Io0?t=6706,https://youtu.be/oWZuaFW2Io0?t=6711,0,0,1,0,0,0,0,198660,198809
453,Data45/frame_label1.csv,https://youtu.be/oWZuaFW2Io0?t=6720,https://youtu.be/oWZuaFW2Io0?t=6726,0,0,1,0,0,0,0,199080,199259
454,Data45/frame_label1.csv,https://youtu.be/oWZuaFW2Io0?t=6740,https://youtu.be/oWZuaFW2Io0?t=6757,0,0,1,0,0,0,0,199680,200189
455,Data45/frame_label1.csv,https://youtu.be/oWZuaFW2Io0?t=6764,https://youtu.be/oWZuaFW2Io0?t=6784,0,0,1,0,0,0,0,200400,200999
456,Data45/frame_label1.csv,https://youtu.be/oWZuaFW2Io0?t=6799,https://youtu.be/oWZuaFW2Io0?t=6803,0,0,1,0,0,0,0,201450,201569
457,Data45/frame_label1.csv,https://youtu.be/oWZuaFW2Io0?t=6820,https://youtu.be/oWZuaFW2Io0?t=6827,1,0,0,0,0,0,0,202080,202289
458,Data45/frame_label1.csv,https://youtu.be/oWZuaFW2Io0?t=6854,https://youtu.be/oWZuaFW2Io0?t=6861,0,0,1,0,0,0,0,203100,203309
459,Data45/frame_label1.csv,https://youtu.be/oWZuaFW2Io0?t=6893,https://youtu.be/oWZuaFW2Io0?t=6898,0,0,1,0,0,0,0,204270,204419
460,Data45/frame_label1.csv,https://youtu.be/oWZuaFW2Io0?t=6908,https://youtu.be/oWZuaFW2Io0?t=6911,0,0,1,0,0,0,0,204720,204809
461,Data45/frame_label1.csv,https://youtu.be/oWZuaFW2Io0?t=6933,https://youtu.be/oWZuaFW2Io0?t=6944,0,0,1,0,0,0,0,205470,205799
462,Data45/frame_label1.csv,https://youtu.be/oWZuaFW2Io0?t=6949,https://youtu.be/oWZuaFW2Io0?t=6961,0,0,1,0,0,0,0,205950,206309
463,Data45/frame_label1.csv,https://youtu.be/oWZuaFW2Io0?t=6974,https://youtu.be/oWZuaFW2Io0?t=6984,0,0,1,0,0,0,0,206700,206999
464,Data45/frame_label1.csv,https://youtu.be/oWZuaFW2Io0?t=7002,https://youtu.be/oWZuaFW2Io0?t=7013,0,0,1,0,0,0,0,207540,207869
465,Data45/frame_label1.csv,https://youtu.be/oWZuaFW2Io0?t=7020,https://youtu.be/oWZuaFW2Io0?t=7032,0,0,1,0,0,0,0,208080,208439
466,Data45/frame_label1.csv,https://youtu.be/oWZuaFW2Io0?t=7047,https://youtu.be/oWZuaFW2Io0?t=7050,0,0,1,0,0,0,0,208890,208979
467,Data45/frame_label1.csv,https://youtu.be/oWZuaFW2Io0?t=7054,https://youtu.be/oWZuaFW2Io0?t=7081,1,0,1,0,0,0,0,209100,209909
468,Data45/frame_label1.csv,https://youtu.be/oWZuaFW2Io0?t=7099,https://youtu.be/oWZuaFW2Io0?t=7118,0,0,1,0,0,0,0,210450,211019
469,Data45/frame_label1.csv,https://youtu.be/oWZuaFW2Io0?t=7138,https://youtu.be/oWZuaFW2Io0?t=7153,0,0,1,0,0,0,0,211620,212069
470,Data45/frame_label1.csv,https://youtu.be/oWZuaFW2Io0?t=7158,https://youtu.be/oWZuaFW2Io0?t=7161,0,0,1,0,0,0,0,212220,212309
471,Data45/frame_label1.csv,https://youtu.be/oWZuaFW2Io0?t=7215,https://youtu.be/oWZuaFW2Io0?t=7228,1,0,1,0,0,0,0,213930,214319
472,Data45/frame_label1.csv,https://youtu.be/oWZuaFW2Io0?t=7247,https://youtu.be/oWZuaFW2Io0?t=7264,1,0,1,0,0,0,0,214890,215399
473,Data45/frame_label1.csv,https://youtu.be/oWZuaFW2Io0?t=7310,https://youtu.be/oWZuaFW2Io0?t=7316,0,0,1,0,0,0,0,216780,216959
474,Data45/frame_label1.csv,https://youtu.be/oWZuaFW2Io0?t=7322,https://youtu.be/oWZuaFW2Io0?t=7328,0,0,1,0,0,0,0,217140,217319
475,Data45/frame_label1.csv,https://youtu.be/oWZuaFW2Io0?t=7382,https://youtu.be/oWZuaFW2Io0?t=7387,0,0,1,0,0,0,0,218940,219089
476,Data48/frame_label1.csv,https://youtu.be/oWZuaFW2Io0?t=17035,https://youtu.be/oWZuaFW2Io0?t=17052,0,0,1,0,0,0,0,453600,454109
477,Data48/frame_label1.csv,https://youtu.be/oWZuaFW2Io0?t=17071,https://youtu.be/oWZuaFW2Io0?t=17086,1,0,1,0,0,0,0,454680,455129
478,Data48/frame_label1.csv,https://youtu.be/oWZuaFW2Io0?t=17552,https://youtu.be/oWZuaFW2Io0?t=17572,1,0,1,0,0,0,0,469110,469709
479,Data49/frame_label1.csv,https://youtu.be/R-3Z0KL7QiU?t=58,https://youtu.be/R-3Z0KL7QiU?t=67,1,0,1,0,0,0,0,1170,1439
480,Data49/frame_label1.csv,https://youtu.be/R-3Z0KL7QiU?t=458,https://youtu.be/R-3Z0KL7QiU?t=475,1,0,1,0,0,0,0,13170,13679
481,Data49/frame_label1.csv,https://youtu.be/R-3Z0KL7QiU?t=869,https://youtu.be/R-3Z0KL7QiU?t=884,1,0,1,0,0,0,0,25500,25949
482,Data49/frame_label1.csv,https://youtu.be/R-3Z0KL7QiU?t=1565,https://youtu.be/R-3Z0KL7QiU?t=1568,1,0,0,0,0,0,0,46380,46469
483,Data49/frame_label1.csv,https://youtu.be/R-3Z0KL7QiU?t=2298,https://youtu.be/R-3Z0KL7QiU?t=2318,1,0,1,0,0,0,0,68370,68969
484,Data49/frame_label1.csv,https://youtu.be/R-3Z0KL7QiU?t=2659,https://youtu.be/R-3Z0KL7QiU?t=2662,1,0,0,0,0,0,0,79200,79289
485,Data49/frame_label1.csv,https://youtu.be/R-3Z0KL7QiU?t=3168,https://youtu.be/R-3Z0KL7QiU?t=3182,1,0,1,0,0,0,0,94470,94889
486,Data49/frame_label1.csv,https://youtu.be/R-3Z0KL7QiU?t=3187,https://youtu.be/R-3Z0KL7QiU?t=3202,1,0,1,0,0,0,0,95040,95489
487,Data49/frame_label1.csv,https://youtu.be/R-3Z0KL7QiU?t=3358,https://youtu.be/R-3Z0KL7QiU?t=3402,0,0,0,1,0,0,0,100170,101489
488,Data50/frame_label1.csv,https://youtu.be/R-3Z0KL7QiU?t=8803,https://youtu.be/R-3Z0KL7QiU?t=8808,0,0,1,0,0,0,0,152970,153119
489,Data50/frame_label1.csv,https://youtu.be/R-3Z0KL7QiU?t=8822,https://youtu.be/R-3Z0KL7QiU?t=8830,0,0,1,0,0,0,0,153540,153779
490,Data50/frame_label1.csv,https://youtu.be/R-3Z0KL7QiU?t=8856,https://youtu.be/R-3Z0KL7QiU?t=8861,0,0,1,0,0,0,0,154560,154709
491,Data50/frame_label1.csv,https://youtu.be/R-3Z0KL7QiU?t=8874,https://youtu.be/R-3Z0KL7QiU?t=8888,0,0,1,0,0,0,0,155100,155519
492,Data50/frame_label1.csv,https://youtu.be/R-3Z0KL7QiU?t=8896,https://youtu.be/R-3Z0KL7QiU?t=8912,0,0,1,0,0,0,0,155760,156239
493,Data50/frame_label1.csv,https://youtu.be/R-3Z0KL7QiU?t=8927,https://youtu.be/R-3Z0KL7QiU?t=8948,1,0,1,0,0,0,0,156690,157319
494,Data50/frame_label1.csv,https://youtu.be/R-3Z0KL7QiU?t=8997,https://youtu.be/R-3Z0KL7QiU?t=9005,0,0,1,0,0,0,0,158790,159029
495,Data50/frame_label1.csv,https://youtu.be/R-3Z0KL7QiU?t=9019,https://youtu.be/R-3Z0KL7QiU?t=9023,0,0,1,0,0,0,0,159450,159569
496,Data50/frame_label1.csv,https://youtu.be/R-3Z0KL7QiU?t=9055,https://youtu.be/R-3Z0KL7QiU?t=9081,0,0,1,0,0,0,0,160530,161309
497,Data50/frame_label1.csv,https://youtu.be/R-3Z0KL7QiU?t=9112,https://youtu.be/R-3Z0KL7QiU?t=9127,1,0,1,0,0,0,0,162240,162689
498,Data50/frame_label1.csv,https://youtu.be/R-3Z0KL7QiU?t=9155,https://youtu.be/R-3Z0KL7QiU?t=9175,0,0,1,0,0,0,0,163530,164129
499,Data50/frame_label1.csv,https://youtu.be/R-3Z0KL7QiU?t=9188,https://youtu.be/R-3Z0KL7QiU?t=9197,0,0,1,0,0,0,0,164520,164789
500,Data50/frame_label1.csv,https://youtu.be/R-3Z0KL7QiU?t=9211,https://youtu.be/R-3Z0KL7QiU?t=9226,0,0,1,0,0,0,0,165210,165659
501,Data50/frame_label1.csv,https://youtu.be/R-3Z0KL7QiU?t=9237,https://youtu.be/R-3Z0KL7QiU?t=9244,0,0,1,0,0,0,0,165990,166199
502,Data50/frame_label1.csv,https://youtu.be/R-3Z0KL7QiU?t=9256,https://youtu.be/R-3Z0KL7QiU?t=9276,1,0,1,0,0,0,0,166560,167159
503,Data50/frame_label1.csv,https://youtu.be/R-3Z0KL7QiU?t=9363,https://youtu.be/R-3Z0KL7QiU?t=9368,0,0,1,0,0,0,0,169770,169919
504,Data50/frame_label1.csv,https://youtu.be/R-3Z0KL7QiU?t=9376,https://youtu.be/R-3Z0KL7QiU?t=9395,0,0,1,0,0,0,0,170160,170729
505,Data50/frame_label1.csv,https://youtu.be/R-3Z0KL7QiU?t=9427,https://youtu.be/R-3Z0KL7QiU?t=9439,0,0,1,0,0,0,0,171690,172049
506,Data50/frame_label1.csv,https://youtu.be/R-3Z0KL7QiU?t=9467,https://youtu.be/R-3Z0KL7QiU?t=9482,1,0,1,0,0,0,0,172890,173339
507,Data50/frame_label1.csv,https://youtu.be/R-3Z0KL7QiU?t=9557,https://youtu.be/R-3Z0KL7QiU?t=9564,0,0,1,0,0,0,0,175590,175799
508,Data50/frame_label1.csv,https://youtu.be/R-3Z0KL7QiU?t=9618,https://youtu.be/R-3Z0KL7QiU?t=9636,0,0,1,0,0,0,0,177420,177959
509,Data50/frame_label1.csv,https://youtu.be/R-3Z0KL7QiU?t=9649,https://youtu.be/R-3Z0KL7QiU?t=9655,0,0,1,0,0,0,0,178350,178529
510,Data50/frame_label1.csv,https://youtu.be/R-3Z0KL7QiU?t=9674,https://youtu.be/R-3Z0KL7QiU?t=9694,0,0,1,0,0,0,0,179100,179699
511,Data50/frame_label1.csv,https://youtu.be/R-3Z0KL7QiU?t=9727,https://youtu.be/R-3Z0KL7QiU?t=9738,1,0,1,0,0,0,0,180690,181019
512,Data50/frame_label1.csv,https://youtu.be/R-3Z0KL7QiU?t=9801,https://youtu.be/R-3Z0KL7QiU?t=9808,0,0,1,0,0,0,0,182910,183119
513,Data50/frame_label1.csv,https://youtu.be/R-3Z0KL7QiU?t=9813,https://youtu.be/R-3Z0KL7QiU?t=9816,0,0,1,0,0,0,0,183270,183359
514,Data50/frame_label1.csv,https://youtu.be/R-3Z0KL7QiU?t=9825,https://youtu.be/R-3Z0KL7QiU?t=9829,0,0,1,0,0,0,0,183630,183749
515,Data50/frame_label1.csv,https://youtu.be/R-3Z0KL7QiU?t=9864,https://youtu.be/R-3Z0KL7QiU?t=9871,0,0,1,0,0,0,0,184800,185009
516,Data50/frame_label1.csv,https://youtu.be/R-3Z0KL7QiU?t=9888,https://youtu.be/R-3Z0KL7QiU?t=9897,0,0,1,0,0,0,0,185520,185789
517,Data50/frame_label1.csv,https://youtu.be/R-3Z0KL7QiU?t=9953,https://youtu.be/R-3Z0KL7QiU?t=9963,0,0,1,0,0,0,0,187470,187769
518,Data50/frame_label1.csv,https://youtu.be/R-3Z0KL7QiU?t=9977,https://youtu.be/R-3Z0KL7QiU?t=9992,0,0,1,0,0,0,0,188190,188639
519,Data50/frame_label1.csv,https://youtu.be/R-3Z0KL7QiU?t=10002,https://youtu.be/R-3Z0KL7QiU?t=10015,0,0,1,0,0,0,0,188940,189329
520,Data50/frame_label1.csv,https://youtu.be/R-3Z0KL7QiU?t=10036,https://youtu.be/R-3Z0KL7QiU?t=10057,1,0,1,0,0,0,0,189960,190589
521,Data50/frame_label1.csv,https://youtu.be/R-3Z0KL7QiU?t=10108,https://youtu.be/R-3Z0KL7QiU?t=10134,0,0,1,0,0,0,0,192120,192899
522,Data50/frame_label1.csv,https://youtu.be/R-3Z0KL7QiU?t=10149,https://youtu.be/R-3Z0KL7QiU?t=10156,0,0,1,0,0,0,0,193350,193559
523,Data50/frame_label1.csv,https://youtu.be/R-3Z0KL7QiU?t=10418,https://youtu.be/R-3Z0KL7QiU?t=10438,0,0,1,0,0,0,0,201420,202019
524,Data50/frame_label1.csv,https://youtu.be/R-3Z0KL7QiU?t=10471,https://youtu.be/R-3Z0KL7QiU?t=10485,0,0,1,0,0,0,0,203010,203429
525,Data50/frame_label1.csv,https://youtu.be/R-3Z0KL7QiU?t=10494,https://youtu.be/R-3Z0KL7QiU?t=10514,0,0,1,0,0,0,0,203700,204299
526,Data50/frame_label1.csv,https://youtu.be/R-3Z0KL7QiU?t=10525,https://youtu.be/R-3Z0KL7QiU?t=10528,0,0,1,0,0,0,0,204630,204719
527,Data50/frame_label1.csv,https://youtu.be/R-3Z0KL7QiU?t=10702,https://youtu.be/R-3Z0KL7QiU?t=10709,0,0,1,0,0,0,0,209940,210149
528,Data50/frame_label1.csv,https://youtu.be/R-3Z0KL7QiU?t=10931,https://youtu.be/R-3Z0KL7QiU?t=10941,0,0,1,0,0,0,0,216810,217109
529,Data50/frame_label1.csv,https://youtu.be/R-3Z0KL7QiU?t=10951,https://youtu.be/R-3Z0KL7QiU?t=10967,0,0,1,0,0,0,0,217410,217889
530,Data50/frame_label1.csv,https://youtu.be/R-3Z0KL7QiU?t=10976,https://youtu.be/R-3Z0KL7QiU?t=10988,0,0,1,0,0,0,0,218160,218519
531,Data50/frame_label1.csv,https://youtu.be/R-3Z0KL7QiU?t=10999,https://youtu.be/R-3Z0KL7QiU?t=11002,0,0,1,0,0,0,0,218850,218939
532,Data50/frame_label1.csv,https://youtu.be/R-3Z0KL7QiU?t=11070,https://youtu.be/R-3Z0KL7QiU?t=11075,0,0,1,0,0,0,0,220980,221129
533,Data50/frame_label1.csv,https://youtu.be/R-3Z0KL7QiU?t=11085,https://youtu.be/R-3Z0KL7QiU?t=11088,0,0,1,0,0,0,0,221430,221519
534,Data50/frame_label1.csv,https://youtu.be/R-3Z0KL7QiU?t=11093,https://youtu.be/R-3Z0KL7QiU?t=11096,0,0,1,0,0,0,0,221670,221759
535,Data50/frame_label1.csv,https://youtu.be/R-3Z0KL7QiU?t=11113,https://youtu.be/R-3Z0KL7QiU?t=11134,1,0,1,0,0,0,0,222270,222899
536,Data50/frame_label1.csv,https://youtu.be/R-3Z0KL7QiU?t=11233,https://youtu.be/R-3Z0KL7QiU?t=11260,0,0,1,0,0,0,0,225870,226679
537,Data50/frame_label1.csv,https://youtu.be/R-3Z0KL7QiU?t=11233,https://youtu.be/R-3Z0KL7QiU?t=11263,0,0,0,1,0,0,0,225870,226769
538,Data50/frame_label1.csv,https://youtu.be/R-3Z0KL7QiU?t=11273,https://youtu.be/R-3Z0KL7QiU?t=11277,0,0,1,0,0,0,0,227070,227189
539,Data50/frame_label1.csv,https://youtu.be/R-3Z0KL7QiU?t=11289,https://youtu.be/R-3Z0KL7QiU?t=11293,0,0,1,0,0,0,0,227550,227669
540,Data50/frame_label1.csv,https://youtu.be/R-3Z0KL7QiU?t=11311,https://youtu.be/R-3Z0KL7QiU?t=11317,0,0,1,0,0,0,0,228210,228389
541,Data50/frame_label1.csv,https://youtu.be/R-3Z0KL7QiU?t=11347,https://youtu.be/R-3Z0KL7QiU?t=11350,0,0,1,0,0,0,0,229290,229379
542,Data50/frame_label1.csv,https://youtu.be/R-3Z0KL7QiU?t=11366,https://youtu.be/R-3Z0KL7QiU?t=11381,0,0,1,0,0,0,0,229860,230309
543,Data50/frame_label1.csv,https://youtu.be/R-3Z0KL7QiU?t=11396,https://youtu.be/R-3Z0KL7QiU?t=11403,0,0,1,0,0,0,0,230760,230969
544,Data50/frame_label1.csv,https://youtu.be/R-3Z0KL7QiU?t=11494,https://youtu.be/R-3Z0KL7QiU?t=11499,0,0,1,0,0,0,0,233700,233849
545,Data50/frame_label1.csv,https://youtu.be/R-3Z0KL7QiU?t=11516,https://youtu.be/R-3Z0KL7QiU?t=11524,0,0,1,0,0,0,0,234360,234599
546,Data50/frame_label1.csv,https://youtu.be/R-3Z0KL7QiU?t=11540,https://youtu.be/R-3Z0KL7QiU?t=11542,0,0,1,0,0,0,0,235080,235139
547,Data50/frame_label1.csv,https://youtu.be/R-3Z0KL7QiU?t=11554,https://youtu.be/R-3Z0KL7QiU?t=11569,0,0,1,0,0,0,0,235500,235949
548,Data50/frame_label1.csv,https://youtu.be/R-3Z0KL7QiU?t=11589,https://youtu.be/R-3Z0KL7QiU?t=11595,0,0,1,0,0,0,0,236550,236729
549,Data50/frame_label1.csv,https://youtu.be/R-3Z0KL7QiU?t=11605,https://youtu.be/R-3Z0KL7QiU?t=11610,0,0,1,0,0,0,0,237030,237179
550,Data50/frame_label1.csv,https://youtu.be/R-3Z0KL7QiU?t=11615,https://youtu.be/R-3Z0KL7QiU?t=11624,0,0,1,0,0,0,0,237330,237599
551,Data50/frame_label1.csv,https://youtu.be/R-3Z0KL7QiU?t=11638,https://youtu.be/R-3Z0KL7QiU?t=11642,0,0,1,0,0,0,0,238020,238139
552,Data50/frame_label1.csv,https://youtu.be/R-3Z0KL7QiU?t=11645,https://youtu.be/R-3Z0KL7QiU?t=11653,0,0,1,0,0,0,0,238230,238469
553,Data50/frame_label1.csv,https://youtu.be/R-3Z0KL7QiU?t=11656,https://youtu.be/R-3Z0KL7QiU?t=11663,0,0,1,0,0,0,0,238560,238769
554,Data50/frame_label1.csv,https://youtu.be/R-3Z0KL7QiU?t=11804,https://youtu.be/R-3Z0KL7QiU?t=11828,0,0,1,0,0,0,0,243000,243719
555,Data50/frame_label1.csv,https://youtu.be/R-3Z0KL7QiU?t=11951,https://youtu.be/R-3Z0KL7QiU?t=11967,0,0,1,0,0,0,0,247410,247889
556,Data50/frame_label1.csv,https://youtu.be/R-3Z0KL7QiU?t=11976,https://youtu.be/R-3Z0KL7QiU?t=11981,0,0,1,0,0,0,0,248160,248309
557,Data50/frame_label1.csv,https://youtu.be/R-3Z0KL7QiU?t=12189,https://youtu.be/R-3Z0KL7QiU?t=12195,0,0,1,0,0,0,0,254550,254729
558,Data50/frame_label1.csv,https://youtu.be/R-3Z0KL7QiU?t=12210,https://youtu.be/R-3Z0KL7QiU?t=12224,0,0,1,0,0,0,0,255180,255599
559,Data50/frame_label1.csv,https://youtu.be/R-3Z0KL7QiU?t=12254,https://youtu.be/R-3Z0KL7QiU?t=12264,0,0,1,0,0,0,0,256500,256799
560,Data50/frame_label1.csv,https://youtu.be/R-3Z0KL7QiU?t=12272,https://youtu.be/R-3Z0KL7QiU?t=12274,1,0,0,0,0,0,0,257040,257099
561,Data50/frame_label1.csv,https://youtu.be/R-3Z0KL7QiU?t=12285,https://youtu.be/R-3Z0KL7QiU?t=12324,0,0,0,1,0,0,0,257430,258599
562,Data52/frame_label1.csv,https://youtu.be/R-3Z0KL7QiU?t=18235,https://youtu.be/R-3Z0KL7QiU?t=18256,1,0,1,0,0,0,0,396330,396959
563,Data52/frame_label1.csv,https://youtu.be/R-3Z0KL7QiU?t=18868,https://youtu.be/R-3Z0KL7QiU?t=18870,1,0,0,0,0,0,0,415320,415379
564,Data52/frame_label1.csv,https://youtu.be/R-3Z0KL7QiU?t=18913,https://youtu.be/R-3Z0KL7QiU?t=18915,1,0,0,0,0,0,0,416670,416729
565,Data52/frame_label1.csv,https://youtu.be/R-3Z0KL7QiU?t=18931,https://youtu.be/R-3Z0KL7QiU?t=18934,1,0,0,0,0,0,0,417210,417299
566,Data52/frame_label1.csv,https://youtu.be/R-3Z0KL7QiU?t=19202,https://youtu.be/R-3Z0KL7QiU?t=19220,1,0,1,0,0,0,0,425340,425879
567,Data52/frame_label1.csv,https://youtu.be/R-3Z0KL7QiU?t=19402,https://youtu.be/R-3Z0KL7QiU?t=19404,0,0,1,0,0,0,0,431340,431399
568,Data52/frame_label1.csv,https://youtu.be/R-3Z0KL7QiU?t=19599,https://youtu.be/R-3Z0KL7QiU?t=19607,1,0,0,0,0,0,0,437250,437489
569,Data52/frame_label1.csv,https://youtu.be/R-3Z0KL7QiU?t=19988,https://youtu.be/R-3Z0KL7QiU?t=19996,0,0,0,0,0,1,0,448920,449159
570,Data53/frame_label1.csv,https://youtu.be/R-3Z0KL7QiU?t=21339,https://youtu.be/R-3Z0KL7QiU?t=21358,1,0,1,0,0,0,0,489450,490019
571,Data53/frame_label1.csv,https://youtu.be/R-3Z0KL7QiU?t=21648,https://youtu.be/R-3Z0KL7QiU?t=21668,1,0,1,0,0,0,0,498720,499319
572,Data53/frame_label1.csv,https://youtu.be/R-3Z0KL7QiU?t=23308,https://youtu.be/R-3Z0KL7QiU?t=23310,1,0,0,0,0,0,0,548520,548579
573,Data53/frame_label1.csv,https://youtu.be/R-3Z0KL7QiU?t=23325,https://youtu.be/R-3Z0KL7QiU?t=23327,1,0,0,0,0,0,0,549030,549089
574,Data53/frame_label1.csv,https://youtu.be/R-3Z0KL7QiU?t=23335,https://youtu.be/R-3Z0KL7QiU?t=23354,1,0,1,0,0,0,0,549330,549899
575,Data53/frame_label1.csv,https://youtu.be/R-3Z0KL7QiU?t=23563,https://youtu.be/R-3Z0KL7QiU?t=23585,1,0,1,0,0,0,0,556170,556829
576,Data53/frame_label1.csv,https://youtu.be/R-3Z0KL7QiU?t=23592,https://youtu.be/R-3Z0KL7QiU?t=23608,1,0,1,0,0,0,0,557040,557519
577,Data53/frame_label1.csv,https://youtu.be/R-3Z0KL7QiU?t=23753,https://youtu.be/R-3Z0KL7QiU?t=23769,1,0,1,0,0,0,0,561870,562349
578,Data53/frame_label1.csv,https://youtu.be/R-3Z0KL7QiU?t=24187,https://youtu.be/R-3Z0KL7QiU?t=24190,1,0,0,0,0,0,0,574890,574979
579,Data57/frame_label1.csv,https://youtu.be/T7TltPPxfCM?t=8066,https://youtu.be/T7TltPPxfCM?t=8078,1,0,1,0,0,0,0,239160,239519
580,Data57/frame_label1.csv,https://youtu.be/T7TltPPxfCM?t=8126,https://youtu.be/T7TltPPxfCM?t=8142,1,0,1,0,0,0,0,240960,241439
581,Data57/frame_label1.csv,https://youtu.be/T7TltPPxfCM?t=9616,https://youtu.be/T7TltPPxfCM?t=9636,1,0,1,0,0,0,0,285660,286259
582,Data57/frame_label1.csv,https://youtu.be/T7TltPPxfCM?t=10240,https://youtu.be/T7TltPPxfCM?t=10266,1,0,1,0,0,0,0,304380,305159
583,Data58/frame_label1.csv,https://youtu.be/T7TltPPxfCM?t=15266,https://youtu.be/T7TltPPxfCM?t=15272,0,0,0,1,0,0,0,428910,429089
584,Data59/frame_label1.csv,https://youtu.be/T7TltPPxfCM?t=17365,https://youtu.be/T7TltPPxfCM?t=17368,1,0,0,0,0,0,0,491880,491969
585,Data59/frame_label1.csv,https://youtu.be/T7TltPPxfCM?t=18387,https://youtu.be/T7TltPPxfCM?t=18392,1,0,0,0,0,0,0,522540,522689
586,Data63/frame_label1.csv,https://youtu.be/vzbVFoKg8eM?t=7680,https://youtu.be/vzbVFoKg8eM?t=7741,1,0,1,0,0,0,0,227370,229199
587,Data63/frame_label1.csv,https://youtu.be/vzbVFoKg8eM?t=8515,https://youtu.be/vzbVFoKg8eM?t=8576,1,0,1,0,0,0,0,252420,254249
588,Data66/frame_label1.csv,https://youtu.be/1_vkwkniHuI?t=74,https://youtu.be/1_vkwkniHuI?t=75,1,0,0,0,0,0,0,2130,2159
589,Data66/frame_label1.csv,https://youtu.be/1_vkwkniHuI?t=76,https://youtu.be/1_vkwkniHuI?t=81,1,1,0,0,0,0,0,2190,2339
590,Data66/frame_label1.csv,https://youtu.be/1_vkwkniHuI?t=204,https://youtu.be/1_vkwkniHuI?t=206,1,0,0,0,0,0,0,6030,6089
591,Data66/frame_label1.csv,https://youtu.be/1_vkwkniHuI?t=624,https://youtu.be/1_vkwkniHuI?t=627,1,0,0,0,0,0,0,18630,18719
592,Data66/frame_label1.csv,https://youtu.be/1_vkwkniHuI?t=631,https://youtu.be/1_vkwkniHuI?t=632,1,0,0,0,0,0,0,18840,18869
593,Data66/frame_label1.csv,https://youtu.be/1_vkwkniHuI?t=778,https://youtu.be/1_vkwkniHuI?t=781,1,0,0,0,0,0,0,23250,23339
594,Data66/frame_label1.csv,https://youtu.be/1_vkwkniHuI?t=786,https://youtu.be/1_vkwkniHuI?t=788,1,1,0,0,0,0,0,23490,23549
595,Data66/frame_label1.csv,https://youtu.be/1_vkwkniHuI?t=797,https://youtu.be/1_vkwkniHuI?t=799,1,1,0,0,0,0,0,23820,23879
596,Data66/frame_label2.csv,https://youtu.be/JoX7RDKRG7Q?t=3719,https://youtu.be/JoX7RDKRG7Q?t=3722,1,0,0,0,0,0,0,111480,111569
597,Data66/frame_label2.csv,https://youtu.be/JoX7RDKRG7Q?t=4090,https://youtu.be/JoX7RDKRG7Q?t=4094,1,0,0,0,0,0,0,122610,122729
598,Data66/frame_label2.csv,https://youtu.be/JoX7RDKRG7Q?t=4269,https://youtu.be/JoX7RDKRG7Q?t=4271,1,0,0,0,0,0,0,127980,128039
599,Data66/frame_label2.csv,https://youtu.be/JoX7RDKRG7Q?t=4479,https://youtu.be/JoX7RDKRG7Q?t=4483,1,0,0,0,0,0,0,134280,134399
600,Data66/frame_label2.csv,https://youtu.be/JoX7RDKRG7Q?t=4974,https://youtu.be/JoX7RDKRG7Q?t=4977,1,0,0,0,0,0,0,149130,149219
601,Data67/frame_label1.csv,https://youtu.be/ti9LhJLCilo?t=6811,https://youtu.be/ti9LhJLCilo?t=6861,0,1,1,0,0,0,0,115170,116669
602,Data67/frame_label1.csv,https://youtu.be/ti9LhJLCilo?t=6960,https://youtu.be/ti9LhJLCilo?t=6971,0,1,0,0,0,0,0,119640,119969
603,Data67/frame_label1.csv,https://youtu.be/ti9LhJLCilo?t=7036,https://youtu.be/ti9LhJLCilo?t=7045,0,1,0,0,0,0,0,121920,122189
604,Data67/frame_label1.csv,https://youtu.be/ti9LhJLCilo?t=7047,https://youtu.be/ti9LhJLCilo?t=7051,0,1,0,0,0,0,0,122250,122369
605,Data67/frame_label1.csv,https://youtu.be/ti9LhJLCilo?t=7802,https://youtu.be/ti9LhJLCilo?t=7841,0,1,1,0,0,0,0,144900,146069
606,Data67/frame_label1.csv,https://youtu.be/ti9LhJLCilo?t=7846,https://youtu.be/ti9LhJLCilo?t=7850,1,0,0,0,0,0,0,146220,146339
607,Data67/frame_label2.csv,https://youtu.be/0KaX5dVFszk?t=199,https://youtu.be/0KaX5dVFszk?t=201,1,0,0,0,0,0,0,3450,3509
608,Data67/frame_label2.csv,https://youtu.be/0KaX5dVFszk?t=214,https://youtu.be/0KaX5dVFszk?t=223,0,1,1,0,0,0,0,3900,4169
609,Data67/frame_label2.csv,https://youtu.be/0KaX5dVFszk?t=392,https://youtu.be/0KaX5dVFszk?t=404,0,1,1,0,0,0,0,9240,9599
610,Data67/frame_label2.csv,https://youtu.be/0KaX5dVFszk?t=409,https://youtu.be/0KaX5dVFszk?t=413,1,0,0,0,0,0,0,9750,9869
611,Data67/frame_label2.csv,https://youtu.be/0KaX5dVFszk?t=518,https://youtu.be/0KaX5dVFszk?t=537,0,1,1,0,0,0,0,13020,13589
612,Data67/frame_label2.csv,https://youtu.be/0KaX5dVFszk?t=551,https://youtu.be/0KaX5dVFszk?t=555,1,0,0,0,0,0,0,14010,14129
613,Data67/frame_label2.csv,https://youtu.be/0KaX5dVFszk?t=658,https://youtu.be/0KaX5dVFszk?t=672,0,1,1,0,0,0,0,17220,17639
614,Data67/frame_label2.csv,https://youtu.be/0KaX5dVFszk?t=679,https://youtu.be/0KaX5dVFszk?t=682,1,0,0,0,0,0,0,17850,17939
615,Data67/frame_label2.csv,https://youtu.be/0KaX5dVFszk?t=799,https://youtu.be/0KaX5dVFszk?t=813,0,1,1,0,0,0,0,21450,21869
616,Data67/frame_label2.csv,https://youtu.be/0KaX5dVFszk?t=860,https://youtu.be/0KaX5dVFszk?t=903,0,1,1,0,0,0,0,23280,24569
617,Data67/frame_label2.csv,https://youtu.be/0KaX5dVFszk?t=976,https://youtu.be/0KaX5dVFszk?t=980,1,0,0,0,0,0,0,26760,26879
618,Data67/frame_label2.csv,https://youtu.be/0KaX5dVFszk?t=990,https://youtu.be/0KaX5dVFszk?t=995,0,1,0,0,0,0,0,27180,27329
619,Data67/frame_label2.csv,https://youtu.be/0KaX5dVFszk?t=996,https://youtu.be/0KaX5dVFszk?t=998,1,0,0,0,0,0,0,27360,27419
620,Data69/frame_label1.csv,https://youtu.be/g9ctQTzu4Vk?t=13859,https://youtu.be/g9ctQTzu4Vk?t=13870,1,0,1,0,0,0,0,361350,361679
621,Data69/frame_label1.csv,https://youtu.be/g9ctQTzu4Vk?t=14733,https://youtu.be/g9ctQTzu4Vk?t=14749,1,0,1,0,0,0,0,387570,388049
622,Data69/frame_label2.csv,https://youtu.be/qOzg0st0KfY?t=4945,https://youtu.be/qOzg0st0KfY?t=4981,1,0,1,0,0,0,0,146760,147839
